view1,view2,correspondences,formula_relative_error,camera_center_relative_residual,projected_point_sampson_max,projected_point_normalized_residual_max,rank_ratio,observation_sampson_median,transpose_sampson_median,lott_certified,lott_failures,hs_finite,both_finite,lott_cost_mean,hs_cost_mean,gap_mean,gap_abs_max,lott_normalized_residual_max,hs_normalized_residual_max
1,2,257,8.5526061763833416e-16,4.2171745376355699e-17,7.2594302189043889e-08,2.033291241343198e-17,9.5498448522911803e-23,0.12703615526088721,6.2555964541633422,257,0,257,257,0.045742368421087531,0.045742368421087774,-2.2065442219388483e-16,2.0439205883349132e-13,6.302666776990128e-20,3.425048552226024e-20
1,3,142,3.5524009179140472e-16,4.2171745376355699e-17,1.7356703469276822e-08,2.3071419051341041e-18,2.022694419182939e-22,0.17869073475601771,13.261308809057894,142,0,142,142,0.11714367502183515,0.11714367502184041,-5.1531929549341134e-15,2.6023627697213669e-13,2.2335505134123309e-20,2.5687043433843636e-20
1,4,81,2.1154961486406551e-16,4.2171745376355699e-17,6.4471114744555796e-09,6.396351209686717e-19,9.2900509588040303e-23,0.24321224842126318,20.113340470167881,81,0,81,81,0.15390646566087027,0.15390646566087557,-5.3272500221816681e-15,2.2071233729548112e-13,1.4252409273711562e-20,9.0655777464640369e-21
1,5,50,7.0639028769611294e-17,4.2171745376355699e-17,2.8946137122054413e-09,2.6325521178601829e-19,2.2733575252773625e-23,0.27524818072794172,28.701155670529413,50,0,50,50,0.33331841995371425,0.33331841995371747,-3.2633721029282079e-15,2.886579864025407e-13,8.3466993841750114e-21,1.1967219926320882e-20
1,6,32,1.2060027790708144e-16,4.2171745376355699e-17,9.4173987216389015e-10,1.1426321231207025e-19,1.4482667497287989e-23,0.34059830182415846,32.16899783331295,32,0,32,32,0.83476707034094511,0.83476707034093811,7.1011967245737162e-15,2.8066438062523957e-13,9.580244254251189e-21,6.0378619256333563e-21
1,7,24,1.1572726096398557e-16,4.2171745376355699e-17,4.4181310813687932e-10,8.5835033394035695e-20,1.2994228252297139e-22,0.39037678392780362,33.933686738017258,24,0,24,24,1.9413093398544772,1.9413093398544161,6.0721798496619428e-14,1.3677947663381929e-12,9.7354805115184629e-21,4.6989695559397124e-21
1,8,8,1.1147585955615485e-16,4.2171745376355699e-17,3.8940986255200816e-10,7.8851503739713754e-20,4.9964707729655472e-22,0.36318340299772245,89.446006129212023,8,0,8,8,0.74727804249163343,0.7472780424916895,-5.5955674121976884e-14,5.1825210789502307e-13,4.8499635346554062e-21,4.2861096213353116e-21
1,9,3,1.1108077912867666e-16,4.2171745376355699e-17,2.1933429231158638e-10,6.5021081566662214e-20,2.9267168921442238e-22,0.51353689576757389,112.21480285083382,3,0,3,3,1.4073179422221653,1.407317942222037,1.2849906324182333e-13,2.6290081223123707e-13,6.3372840726437853e-21,1.321203766666254e-21
1,10,2,1.1277500907505146e-16,4.2171745376355699e-17,3.1108699909491312e-10,8.9248527173116716e-20,2.6223099958031676e-22,1.1351584769389216,91.223774488483485,2,0,2,2,1.9670868532306818,1.9670868532306331,4.8655524054197485e-14,7.5051076464660582e-14,6.6997431192953924e-22,1.3399486238590785e-21
1,11,1,1.1107954199345179e-16,4.2171745376355699e-17,3.7873516933051322e-10,1.072938047620352e-19,1.1293518584615078e-22,2.0612322996011181,7.060196281235898,1,0,1,1,4.2486605007854257,4.2486605007853431,8.2600593032111647e-14,8.2600593032111647e-14,1.0196922500020887e-21,0
1,12,1,4.6359693879436516e-19,4.2171745376355699e-17,4.3210307262686777e-10,1.2367998239354471e-19,6.6067216507385502e-23,2.1075441334968961,1.1976164255463126,1,0,1,1,4.441718818781923,4.4417188187822951,-3.7214675785435247e-13,3.7214675785435247e-13,3.450788295975245e-22,6.901576591950491e-22
1,13,1,1.1109636286207262e-16,4.2171745376355699e-17,4.9293788392913999e-10,1.4343950466310262e-19,2.4681005308912199e-22,2.2568970747105839,4.3218661325569068,1,0,1,1,5.0935495595598521,5.0935495595594631,3.8902214782865485e-13,3.8902214782865485e-13,1.3989507394373703e-21,3.4973768485934257e-22
1,14,1,1.1104057014265827e-16,4.2171745376355699e-17,4.7585820656008891e-10,1.3962899181977454e-19,1.4594600798035346e-23,2.1398436517105326,9.3747486717164659,1,0,1,1,4.578894899421992,4.5788948994223588,-3.6681768733615172e-13,3.6681768733615172e-13,3.5429525437547757e-22,7.0859050875095496e-22
1,15,1,1.899053981058368e-18,4.2171745376355699e-17,3.4641784607432558e-10,1.1819213117369357e-19,3.4204418605873586e-24,2.1229087982930297,12.86429449166738,1,0,1,1,4.5066998421711757,4.5066998421710576,1.1812772982011666e-13,1.1812772982011666e-13,0,7.1606384414124324e-22
1,16,1,1.110536941871613e-16,4.2171745376355699e-17,2.9057017905897854e-10,1.2037051930836767e-19,1.3734893084586668e-22,1.8594132912357046,14.415954315853703,1,0,1,1,3.4573845800803951,3.4573845800803364,5.8619775700208265e-14,5.8619775700208265e-14,7.2278711669654736e-22,5.4209033752241075e-22
1,17,1,1.6121229208782481e-18,4.2171745376355699e-17,2.6844181805569134e-10,7.7176770986228161e-20,1.5056058498194029e-22,1.4504717297580481,13.034317042106386,1,0,1,1,2.1038502199079061,2.1038502199073963,5.0981441290787188e-13,5.0981441290787188e-13,1.6377273933010708e-21,0
1,18,1,6.1053874974524386e-19,4.2171745376355699e-17,4.6910321589917646e-10,1.3077220692577166e-19,1.9123871784132463e-22,1.0166843881988865,8.3776090169943949,1,0,1,1,1.0336403918879973,1.0336403918879842,1.3100631690576847e-14,1.3100631690576847e-14,3.6551365514571695e-22,3.6551365514571695e-22
1,19,1,2.2204812218358589e-16,4.2171745376355699e-17,1.2996103563630537e-09,3.8241510953427123e-19,5.561332884788345e-23,0.66484960264395165,0.67785396318570135,1,0,1,1,0.44202306312810313,0.4420230631281109,-7.7715611723760958e-15,7.7715611723760958e-15,3.6611583140588858e-22,3.6611583140588872e-22
1,20,1,1.3629298276928706e-18,4.2171745376355699e-17,2.0643377688515182e-09,5.9086980311646715e-19,3.7584285002523905e-23,0.16677414294068937,9.4780963471322224,1,0,1,1,0.027813585334432765,0.027813585334423307,9.4577123910255523e-15,9.4577123910255523e-15,3.6553019085430044e-22,0
1,21,1,1.1103277981853825e-16,4.2171745376355699e-17,2.3602078636135348e-09,7.0621993880015355e-19,5.6362921100727352e-22,0.18272309086496269,20.556463962394329,1,0,1,1,0.033387763156680191,0.033387763156633055,4.7135906289241802e-14,4.7135906289241802e-14,1.4558543751008809e-21,7.2792718755044043e-22
2,3,242,5.2112338764737525e-16,1.0306768845316152e-16,1.0388130582262774e-07,1.8547984211039156e-17,7.0610420877566361e-24,0.12443441020774076,6.8334659153397777,242,0,242,242,0.048213835383316195,0.048213835383313419,2.7754437100093789e-15,1.8984813721090177e-13,6.6893016509082719e-20,3.6937380441405055e-20
2,4,135,1.2212830080627943e-16,1.0306768845316152e-16,1.6369251410893615e-08,2.1338483832856732e-18,6.2766739645967394e-23,0.20513665384422855,13.161350316753133,135,0,135,135,0.12254021866012911,0.1225402186601271,1.9983090361678953e-15,1.723066134218243e-13,2.6271202281512243e-20,1.8199248057705226e-20
2,5,73,1.1366819371822021e-16,1.0306768845316152e-16,6.134301658567246e-09,5.615013541568816e-19,2.7007496559463346e-22,0.22516044491603543,19.693206252314798,73,0,73,73,0.32049996636927031,0.32049996636927747,-7.190234895394899e-15,2.233768725545815e-13,2.1510800510407748e-20,1.3957350095210511e-20
2,6,49,2.4965767027743288e-17,1.0306768845316152e-16,1.5697378324567318e-09,2.0783001822905334e-19,2.1046020021989699e-22,0.34728007976658332,23.113268011633892,49,0,49,49,0.78552970025333058,0.78552970025332425,6.4422928000602022e-15,4.6540549192286562e-13,9.5962095103665002e-21,9.5282433903193474e-21
2,7,33,1.1208969908573764e-16,1.0306768845316152e-16,9.7267459217807687e-10,1.5383194786248907e-19,5.2733294477811133e-23,0.41747328650368104,28.754012946164597,33,0,33,33,1.6919855346960357,1.6919855346960417,-5.9669598396759954e-15,3.694822225952521e-13,7.9889653743660885e-21,6.8128766111649439e-21
2,8,12,5.6931224080023009e-18,1.0306768845316152e-16,3.3073420380595504e-10,8.3274078867746885e-20,2.7880584841915348e-22,0.43631732086656927,69.272691881272436,12,0,12,12,0.55987392021878246,0.55987392021877491,7.4856706120188243e-15,2.0250467969162855e-13,6.5139397665133402e-21,5.2111518132106744e-21
2,9,5,1.2422978311856789e-17,1.0306768845316152e-16,2.5204438545062218e-10,7.0488484493371885e-20,2.1872413342800262e-22,0.50667387494185845,100.06810356087273,5,0,5,5,1.1223183074804799,1.1223183074805334,-5.3555163775920179e-14,2.2648549702353193e-13,6.8856949418141534e-21,1.6663152830369153e-21
2,10,4,4.445071078233244e-18,1.0306768845316152e-16,2.4747922916885408e-10,6.4768316222159026e-20,2.7614668298724476e-22,0.30153444889877257,93.008308327714786,4,0,4,4,1.2624731776026843,1.2624731776027405,-5.6222116805865197e-14,1.9984014443252818e-13,4.3030893095847405e-21,1.344376790998214e-21
2,11,1,1.1112924572848852e-16,1.0306768845316152e-16,3.4829414122879839e-10,8.9300707166117037e-20,1.2678805660541421e-23,2.3358217948800677,1.6676029139472395,1,0,1,1,5.4560418858152495,5.4560418858150026,2.4691360067663481e-13,2.4691360067663481e-13,0,0
2,12,1,8.0242164737873582e-18,1.0306768845316152e-16,4.035434198219221e-10,1.0432344477715031e-19,2.4783103446658288e-22,2.389383011377658,4.1779662562004187,1,0,1,1,5.7091232173061979,5.7091232173057644,4.3343106881366111e-13,4.3343106881366111e-13,2.7697557849768427e-21,3.4621947312210538e-22
2,13,1,1.1106497779078014e-16,1.0306768845316152e-16,4.4855152136667718e-10,1.1797916186134953e-19,2.6925144262756144e-22,2.5820951265118546,9.8036822496572107,1,0,1,1,6.6671726381803946,6.6671726381801619,2.3270274596143281e-13,2.3270274596143281e-13,0,3.5088920897525366e-22
2,14,1,1.1107287163024434e-16,1.0306768845316152e-16,4.8361322380044691e-10,1.2841576536558319e-19,4.3066870998328238e-22,2.4983714424778003,15.157598591536154,1,0,1,1,6.2418130817596484,6.2418130817593562,2.922107000813412e-13,2.922107000813412e-13,2.1326554491075219e-21,1.4217702994050149e-21
2,15,1,1.1102638463883203e-16,1.0306768845316152e-16,4.5004455568366473e-10,1.1889317365663955e-19,5.9478777079002156e-23,2.5548080866296474,19.173973579746765,1,0,1,1,6.5269841884844713,6.5269841884843469,1.2434497875801753e-13,1.2434497875801753e-13,3.5915507517931906e-22,0
2,16,1,1.1103219906019808e-16,1.0306768845316152e-16,2.9097719658942349e-10,1.1879374844555283e-19,2.8189231284485388e-22,2.3560184389737806,21.567480417306346,1,0,1,1,5.5507662204118127,5.5507662204117247,8.7929663550312398e-14,8.7929663550312398e-14,0,0
2,17,1,7.5229133542779794e-19,1.0306768845316152e-16,3.1295418873672604e-10,1.1860814293484813e-19,1.580363568542704e-22,2.0234892591240139,21.295314085896408,1,0,1,1,4.0944663760341529,4.0944663760338686,2.8421709430404007e-13,2.8421709430404007e-13,7.2985354077038322e-22,3.6492677038519171e-22
2,18,1,2.2204503776518751e-16,1.0306768845316152e-16,3.7007127585417326e-10,9.2946515643950942e-20,1.8569031065863428e-22,1.6655463327744027,17.805536425968086,1,0,1,1,2.7740175802060834,2.774017580206158,-7.460698725481052e-14,7.460698725481052e-14,7.3280436071787132e-22,3.6640218035893561e-22
2,19,1,6.1505151132665612e-19,1.0306768845316152e-16,5.3895083368311986e-10,1.417977216267077e-19,1.3096630442430366e-22,1.3574982610997688,10.967566181748079,1,0,1,1,1.8427856455075573,1.8427856455074525,1.0480505352461478e-13,1.0480505352461478e-13,3.6692627555634793e-22,0
2,20,1,1.1102725133802766e-16,1.0306768845316152e-16,1.3652654880399026e-09,5.9311461100268353e-19,5.7519737209240208e-22,0.89638978038943185,0.89711118481806906,1,0,1,1,0.80350993608521981,0.80350993608529664,-7.6827433304060833e-14,7.6827433304060833e-14,3.6628037682124985e-22,7.3256075364249997e-22
2,21,1,1.1104073834422005e-16,1.0306768845316152e-16,2.1165170333875576e-09,5.6974417010289189e-19,4.3458995831129854e-23,0.52371921274885214,11.063059073646309,1,0,1,1,0.27428090923576992,0.27428090923571613,5.3790305543088834e-14,5.3790305543088834e-14,3.6471781860645538e-22,0
3,4,229,7.3746564234383308e-16,1.1129443982440207e-16,6.4891748389076705e-08,1.8923736371407166e-17,4.07069831522755e-23,0.14647538850086841,6.5635678713823093,229,0,229,229,0.067370653471073308,0.067370653471075584,-2.2948488981027268e-15,1.4455103780619538e-13,7.9891902773526723e-20,5.326329575887953e-20
3,5,120,1.8615602495550642e-16,1.1129443982440207e-16,7.5357090914895262e-09,2.0724812848221733e-18,2.8265446985281362e-22,0.16565655736808688,12.741893979235115,120,0,120,120,0.14591751123885632,0.14591751123885857,-2.164617126550285e-15,4.1766590186398389e-13,2.6455883256659509e-20,2.2103486982985674e-20
3,6,72,1.7044557727553049e-16,1.1129443982440207e-16,1.4069174221310555e-09,5.6264756871861833e-19,4.8933786746873672e-24,0.27316178506973565,16.290279959534459,72,0,72,72,0.24646339292384173,0.24646339292384167,1.2705255098472104e-16,2.6822988274943782e-13,2.4960724220347233e-20,1.6640482813564832e-20
3,7,51,5.3247901294028556e-17,1.1129443982440207e-16,1.1076318078235942e-09,2.7213065863884126e-19,2.1308466037267423e-22,0.27884456245572636,23.299481584240329,51,0,51,51,0.36176700287197938,0.36176700287197894,4.4773490453195589e-16,4.0856207306205761e-13,1.2185279681915337e-20,8.8049002339744372e-21
3,8,22,1.1139665846789146e-16,1.1129443982440207e-16,4.8905861164766e-10,1.4837099173813527e-19,1.7654164012866829e-22,0.35745981978014341,26.954954699968411,22,0,22,22,0.38876572767879486,0.38876572767877132,2.3615103464638798e-14,3.1707969583294471e-13,6.8970030956042096e-21,4.1254307231157902e-21
3,9,8,1.1167710401148718e-16,1.1129443982440207e-16,3.1374396839192304e-10,8.0796921900347196e-20,2.3380949014000191e-24,0.43554006167029302,24.10855510367789,8,0,8,8,0.52417056124063177,0.52417056124066552,-3.3779728146610122e-14,2.5357493882438575e-13,6.9514168226282825e-21,2.1826840422434164e-21
3,10,7,1.1106173213147032e-16,1.1129443982440207e-16,2.7765955822910242e-10,6.5427310148560675e-20,2.7060465659388381e-23,0.3432267692413154,25.679679571138347,7,0,7,7,0.51530577569178526,0.51530577569177238,1.2936080777998475e-14,6.6779914931203166e-14,6.7377811044133717e-21,1.1440849916919076e-21
3,11,3,2.6220723711806489e-18,1.1129443982440207e-16,3.6462048240053531e-10,8.3319720131559659e-20,1.1906085235202671e-22,0.34920374559296469,13.317328708228233,3,0,3,3,1.1164054976498543,1.1164054976500102,-1.5577556605750331e-13,4.1655567883935873e-13,1.4328005576050122e-21,1.4328005576050131e-21
3,12,2,5.4782314645471117e-18,1.1129443982440207e-16,3.9745844616681414e-10,9.1359948904157576e-20,3.3288861119971574e-22,1.061877690038459,15.722592227076868,2,0,2,2,1.6803437201241636,1.6803437201240672,9.6443686370406567e-14,1.2301271112846734e-13,1.4536410959110307e-21,7.2682054795551535e-22
3,13,1,2.2216626500184628e-16,1.1129443982440207e-16,4.4206376889418103e-10,1.0349480557059692e-19,1.1946988803841235e-23,1.9845703606647174,14.799828944857294,1,0,1,1,3.9385033341749458,3.9385033341751163,-1.7053025658242404e-13,1.7053025658242404e-13,2.113717708548228e-21,7.0457256951607599e-22
3,14,1,8.65338729199103e-18,1.1129443982440207e-16,4.8714857978154967e-10,1.1529368194616852e-19,2.4643865285992127e-23,1.8808039616444381,20.434196942908322,1,0,1,1,3.5374068317655318,3.53740683176499,5.4178883601707639e-13,5.4178883601707639e-13,2.4982553130523216e-21,3.5689361615033171e-22
3,15,1,3.8720338825076864e-18,1.1129443982440207e-16,4.9809370913133428e-10,1.1730460625207894e-19,3.2522809958224378e-22,1.9529169350466968,24.941957292200616,1,0,1,1,3.813861983115562,3.813861983115344,2.1804780203638074e-13,2.1804780203638074e-13,3.6065845497658103e-22,0
3,16,1,1.1119755283010006e-16,1.1129443982440207e-16,4.2810514452101281e-10,1.0889830671886522e-19,2.3158782976368698e-22,1.7721747646858168,28.138159512031859,1,0,1,1,3.1405829555035334,3.140582955503743,-2.0961010704922955e-13,2.0961010704922955e-13,3.6400537459540592e-22,0
3,17,1,1.1115239443225094e-16,1.1129443982440207e-16,3.1391371956382878e-10,1.2694718258994667e-19,3.9128475236880292e-23,1.4864644874840658,29.001777029509181,1,0,1,1,2.2095621500632179,2.2095621500631251,9.2814644858663087e-14,9.2814644858663087e-14,7.3295099224405085e-22,7.3295099224405094e-22
3,18,1,1.1105390466528049e-16,1.1129443982440207e-16,3.2899773888548633e-10,1.2847258578960562e-19,6.5930047519038443e-23,1.2028091967772552,26.892324367019341,1,0,1,1,1.4467408875327417,1.4467408875325798,1.6187051699034782e-13,1.6187051699034782e-13,1.8396403665423164e-22,3.6792807330846347e-22
3,19,1,1.1102865640199417e-16,1.1129443982440207e-16,4.6676709525065663e-10,1.8711971076173534e-19,5.3291866378410363e-22,0.97442917616513069,21.439612699062302,1,0,1,1,0.94950672221530352,0.94950672221533439,-3.0864200084579352e-14,3.0864200084579352e-14,0,0
3,20,1,1.1103267277165593e-16,1.1129443982440207e-16,5.9917175355666886e-10,1.9414833792406467e-19,2.5761867660884698e-22,0.63107608886936761,12.291642015076038,1,0,1,1,0.39825540348118832,0.3982554034812858,-9.7477581562088744e-14,9.7477581562088744e-14,1.4707104387690407e-21,5.5151641453839039e-22
3,21,1,1.068003528273932e-18,1.1129443982440207e-16,1.3922481038258026e-09,6.4265203937465288e-19,1.3044978543489741e-24,0.34562516475673982,0.35825448917668956,1,0,1,1,0.11945648044628944,0.11945648044623382,5.5622173533720343e-14,5.5622173533720343e-14,7.3209020658438935e-22,0
4,5,229,2.1871654697772009e-15,8.4320711437581783e-17,1.6548732523797249e-08,1.8866930443879228e-17,3.1261839625648851e-23,0.12212088791315791,6.7592925485014268,229,0,229,229,0.05589492837443448,0.055894928374435056,-5.56384767430407e-16,1.6736612096224235e-13,5.6741809202137935e-20,6.303661426950441e-20
4,6,130,3.0213561761674571e-16,8.4320711437581783e-17,2.8813436007134336e-09,1.9550210241546938e-18,1.7321658430415214e-22,0.18402237518339171,11.581044101109178,130,0,130,130,0.12691170269392879,0.12691170269393515,-6.4013206387996617e-15,2.1271873151817999e-13,4.1864910756895919e-20,1.9838373022438182e-20
4,7,83,1.4667614142197069e-16,8.4320711437581783e-17,1.2857612016053933e-09,5.3047065327529076e-19,1.374853558211228e-23,0.24350156913244372,18.278802627054016,83,0,83,83,0.23414566660051095,0.2341456666005193,-8.334566133698056e-15,2.8421709430404007e-13,1.3393298199786395e-20,1.1212646859713118e-20
4,8,39,9.2975003701563321e-17,8.4320711437581783e-17,7.81491227830938e-10,2.3000771610006327e-19,2.1827111609153438e-22,0.38928305057314933,29.409029953292013,39,0,39,39,1.7737189624022336,1.773718962402234,-9.6318853000269933e-16,6.3238303482648917e-13,1.2477836683340526e-20,1.077738751445752e-20
4,9,12,1.7927039133122435e-16,8.4320711437581783e-17,4.019943765671944e-10,1.3276270840708458e-19,2.9433623059470937e-22,0.38487946582217308,23.116754137547737,12,0,12,12,0.39409056095567552,0.39409056095567724,-1.7477339020466331e-15,1.6919798895287386e-13,1.2797871619030162e-20,7.7605642873358967e-21
4,10,10,1.2562163190975559e-16,8.4320711437581783e-17,4.7039134332816382e-10,9.8416718387342243e-20,2.7533105585801966e-22,0.27097606043756206,23.084863943148267,10,0,10,10,0.43595942350460903,0.43595942350458616,2.2919513509300772e-14,3.6504133049675147e-13,7.0438074396786232e-21,3.7273689031098942e-21
4,11,4,1.182162802351037e-16,8.4320711437581783e-17,4.6244075107614909e-10,9.2545676945916642e-20,7.1050107424755931e-23,0.27254658628902717,16.77971206779435,4,0,4,4,0.63705417152729649,0.63705417152727473,2.1766795180525045e-14,1.1990408665951691e-13,2.1706133106057751e-21,1.8720009697052399e-21
4,12,2,2.044547268157592e-17,8.4320711437581783e-17,4.6247548626868913e-10,9.2840323350607322e-20,2.0513278407142485e-22,0.9188013124029426,19.660607149487802,2,0,2,2,1.2554070889224682,1.255407088922416,5.2027826491496398e-14,1.3766765505351941e-13,2.0998462943845795e-21,1.4681171229805127e-21
4,13,1,1.1378944265298702e-16,8.4320711437581783e-17,4.5241186334384992e-10,9.2645153950990522e-20,5.0673178608511349e-22,1.7677467655643153,19.504155787377908,1,0,1,1,3.124919169186188,3.1249191691858678,3.2018832030189515e-13,3.2018832030189515e-13,7.0949988737008782e-22,1.418999774740176e-21
4,14,1,1.1232510467484801e-16,8.4320711437581783e-17,4.9409720318767627e-10,1.0244695901358272e-19,2.1802453224957423e-22,1.6883427822444526,25.501165327542964,1,0,1,1,2.8504913681196973,2.8504913681194424,2.5490720645393594e-13,2.5490720645393594e-13,1.0781895962316857e-21,3.593965320772287e-22
4,15,1,1.1144387019953853e-16,8.4320711437581783e-17,5.0577746754220495e-10,1.0435629328911057e-19,3.181731935168315e-22,1.8143425798693642,30.568688430681242,1,0,1,1,3.2918240711920763,3.2918240711919249,1.5143442055887135e-13,1.5143442055887135e-13,7.2638869503838381e-22,3.631943475191919e-22
4,16,1,5.9852789262205253e-18,8.4320711437581783e-17,4.9066696879729187e-10,9.9283656918595761e-20,3.7622087176227692e-24,1.6903385842747987,34.618705308480827,1,0,1,1,2.8572298860418606,2.8572298860418566,3.9968028886505635e-15,3.9968028886505635e-15,0,0
4,17,1,1.111358083056458e-16,8.4320711437581783e-17,4.0421693968740503e-10,1.1784667500811217e-19,2.624504333132292e-23,1.485603006199989,36.684829134144557,1,0,1,1,2.2070042404914387,2.2070042404916164,-1.7763568394002505e-13,1.7763568394002505e-13,7.3801696530511148e-22,0
4,18,1,1.110442664411354e-16,8.4320711437581783e-17,3.4345051326231729e-10,1.6051117797329298e-19,2.8607018420795477e-23,1.3042422336969903,36.120736690406702,1,0,1,1,1.7010380196173966,1.7010380196176131,-2.1649348980190553e-13,2.1649348980190553e-13,3.7041414632712534e-22,3.7041414632712539e-22
4,19,1,1.1103718693343087e-16,8.4320711437581783e-17,3.6576811961995644e-10,2.2550332371827566e-19,7.9187537675155508e-24,1.1782253890392553,32.451799190648771,1,0,1,1,1.3882065892249709,1.3882065892248527,1.1812772982011666e-13,1.1812772982011666e-13,1.8541361603250222e-22,1.8541361603250232e-22
4,20,1,1.1105433666181148e-16,8.4320711437581783e-17,5.4342540499261313e-10,2.3119798071717271e-19,9.8170954465155706e-23,0.97263233863242438,24.991592184010344,1,0,1,1,0.94600823029887748,0.94600823029898029,-1.028066520802895e-13,1.028066520802895e-13,3.6998272182260929e-22,5.5497408273391393e-22
4,21,1,1.110293035552107e-16,8.4320711437581783e-17,6.34243739597719e-10,2.0470202860646237e-19,1.5557185951761255e-22,0.78932446184388294,14.164486642393539,1,0,1,1,0.62302994835733583,0.62302994835733294,2.886579864025407e-15,2.886579864025407e-15,1.8412487757988368e-22,7.3649951031953455e-22
5,6,219,1.4139735160402718e-15,1.4172655828230043e-16,4.2640718204648177e-08,1.8451499689468255e-17,2.7061193941725331e-23,0.1339802307122159,6.4749706096912325,219,0,219,219,0.093315477462794963,0.093315477462791757,3.2204048354423699e-15,2.2470914018413168e-13,5.8111608614865284e-20,5.0440735485372231e-20
5,7,128,5.2082862644770982e-16,1.4172655828230043e-16,4.4123518246076973e-09,2.1325513837856677e-18,3.2585952613997006e-22,0.23859758335501779,13.026248802444339,128,0,128,128,0.16715025457440932,0.16715025457441016,-9.8814222396275826e-16,2.3814283878209608e-13,2.67358304519192e-20,1.7322248060321174e-20
5,8,70,2.5599567657940313e-16,1.4172655828230043e-16,1.7219001718509305e-09,5.0881682690685705e-19,7.8042157842384107e-23,0.36944320393304297,15.056358833239756,70,0,70,70,0.70822722637718705,0.7082272263772087,-2.1609296712667395e-14,1.2718714970105793e-12,1.6452824707321318e-20,1.3700326397475714e-20
5,9,27,1.2250390422467502e-16,1.4172655828230043e-16,9.8345368648626254e-10,2.1292730841432749e-19,3.7703404477862449e-22,0.32538979011296137,16.608620258204933,27,0,27,27,0.26548711670417563,0.26548711670418101,-5.3378405091070788e-15,2.0883295093199195e-13,1.413519082641869e-20,8.5162788645405136e-21
5,10,21,1.194713682164944e-16,1.4172655828230043e-16,6.545424044175794e-10,1.1960653435395527e-19,4.3669275553000027e-22,0.41973736570214354,19.520022376509349,21,0,21,21,0.37398081897610636,0.37398081897612062,-1.4198124374693403e-14,1.9584334154387761e-13,8.8561174711558034e-21,4.4587859429903462e-21
5,11,9,4.2150470133767711e-17,1.4172655828230043e-16,7.2822377717264402e-10,1.2477891045062895e-19,2.8585318801768873e-22,0.41538281951193029,22.17983766385959,9,0,9,9,0.28681520949782768,0.28681520949782752,2.4671622769447924e-16,1.2795320358804929e-13,2.8641742010454514e-21,2.7807177021129415e-21
5,12,6,3.5425555882207644e-17,1.4172655828230043e-16,4.3350956709892129e-10,7.4258310241768317e-20,7.1844354671166082e-23,0.56578891627913919,27.969556780809242,6,0,6,6,0.44901923204433825,0.44901923204434241,-4.1529280014884762e-15,3.4194869158454821e-13,4.2353790131215464e-21,2.1940983874710097e-21
5,13,5,1.1223293587725027e-16,1.4172655828230043e-16,3.5587350165952651e-10,6.2330108216262379e-20,1.4686267245725768e-24,0.7191454678958118,33.567407084897006,5,0,5,5,0.72877821025177336,0.7287782102517022,7.1170846993595655e-14,4.4675374510916299e-13,2.8622847036586228e-21,2.2948531559569969e-21
5,14,4,1.1270536514763232e-16,1.4172655828230043e-16,4.5582757235844568e-10,8.0991552853629229e-20,1.6880532626283933e-22,0.58814111236784483,40.827389979225806,4,0,4,4,0.59724286844341723,0.59724286844339736,1.987017321514184e-14,2.304822999121825e-13,3.3448487503593397e-21,1.4942279241422821e-21
5,15,3,1.1268890878154767e-16,1.4172655828230043e-16,5.3260272434226831e-10,9.4145003811088005e-20,1.3560896712355768e-22,0.87836101513529297,42.133706002321233,3,0,3,3,0.93749196110407496,0.93749196110393196,1.4295567044945537e-13,4.0634162701280729e-13,2.9307257870096073e-21,7.8215542275566327e-22
5,16,2,2.2240066698913905e-16,1.4172655828230043e-16,5.3343633524639113e-10,9.2314347457985144e-20,6.9074389870972839e-24,1.0619495350501467,49.039746962039651,2,0,2,2,1.1994310313599024,1.1994310313598817,2.0761170560490427e-14,6.1506355564233672e-14,3.9355819509318498e-22,3.9355819509318508e-22
5,17,2,1.328559817823264e-17,1.4172655828230043e-16,5.1373741158977059e-10,9.8277207472032326e-20,3.0244436188625483e-22,1.1349766929049117,51.59367759795343,2,0,2,2,1.2896532873605873,1.2896532873604249,1.6231460620019789e-13,2.5202062658991053e-13,1.116657224774766e-21,3.947747058443508e-22
5,18,1,7.5934456751974699e-18,1.4172655828230043e-16,3.9727527237086147e-10,1.6715062539294823e-19,4.3777110942707388e-22,1.0602970912344041,43.9704332543795,1,0,1,1,1.1242255308947415,1.1242255308949263,-1.8474111129762605e-13,1.8474111129762605e-13,1.1208745038583225e-21,0
5,19,1,3.5414657693502043e-18,1.4172655828230043e-16,4.4159919579966904e-10,2.3436946906525404e-19,6.316420017161142e-22,1.0067732497577315,42.152085857209705,1,0,1,1,1.0135878797015283,1.013587879701439,8.9261931179862586e-14,8.9261931179862586e-14,1.4960762966055216e-21,3.7401907415138039e-22
5,20,1,2.9437053872390847e-18,1.4172655828230043e-16,4.621982081287621e-10,2.5740571649931086e-19,2.9127873964538328e-23,0.91975739258156619,36.7554392949516,1,0,1,1,0.84594963336874662,0.84594963336852347,2.2315482794965646e-13,2.2315482794965646e-13,1.1193140071685958e-21,0
5,21,1,1.1105182450503799e-16,1.4172655828230043e-16,5.8132085779156158e-10,2.3867136868701334e-19,2.5022979596396406e-22,0.84070470712565615,27.851257532728482,1,0,1,1,0.70678090483363509,0.70678090483389655,-2.6145752229922437e-13,2.6145752229922437e-13,1.2995033459790938e-21,0
6,7,219,4.4105801002873502e-16,3.7059928896546079e-17,3.0572627070179527e-08,1.9494284929934917e-17,7.5867059926525486e-23,0.14999307539486414,6.6944827625834504,219,0,219,219,0.06815068819412759,0.068150688194126952,7.170787579686409e-16,1.1862733018119798e-13,7.2023255028323676e-20,4.746596217671993e-20
6,8,124,2.1913151301196937e-16,3.7059928896546079e-17,7.2580884504767584e-09,2.3480528057207257e-18,9.0643101845295425e-23,0.22774816418043284,14.138378311417794,124,0,124,124,0.2125516941778737,0.21255169417788308,-9.4891215817809651e-15,9.64561763794336e-13,4.78347877785101e-20,1.7864759428349129e-20
6,9,55,4.5716413361356192e-17,3.7059928896546079e-17,3.0350615274594339e-09,6.118926549152608e-19,4.9958997733239319e-25,0.23468802048000145,14.454243391082795,55,0,55,55,0.13787987087558298,0.13787987087558012,2.8146658697186228e-15,1.0047518372857667e-13,1.1491123534535896e-20,9.5985527080915773e-21
6,10,37,5.5755243137786256e-18,3.7059928896546079e-17,1.4925809636869764e-09,2.3400624695716502e-19,1.1500077230058354e-22,0.23740931965150958,18.087622651256964,37,0,37,37,0.20070732675232211,0.20070732675231343,8.6420443870246087e-15,1.2523315717771766e-13,1.0683885618049358e-20,8.283658748428598e-21
6,11,17,5.6785585509057753e-18,3.7059928896546079e-17,8.2233861075302799e-10,1.1718577557600349e-19,1.9250703016175842e-22,0.33892642485124136,23.601631063972974,17,0,17,17,0.19619924362544805,0.19619924362544597,2.1270643539001203e-15,1.0252909632413321e-13,6.617579517931204e-21,5.8290685893380755e-21
6,12,11,1.1138453203882809e-16,3.7059928896546079e-17,7.3576267053917778e-10,1.0436905818712856e-19,1.5162606487782506e-22,0.4525401550984996,28.376909884307359,11,0,11,11,0.24499688113618168,0.24499688113619475,-1.307161449788778e-14,1.3181122859862171e-13,4.1573286604270645e-21,2.2333983155370149e-21
6,13,9,1.1117492948938559e-16,3.7059928896546079e-17,6.7663220596770502e-10,9.8508555335269019e-20,5.2331929087679622e-22,0.60299604873210066,36.241823528891437,9,0,9,9,0.47374601586800302,0.47374601586804338,-4.0337332239835812e-14,1.1890488593735427e-13,3.4058209441172484e-21,1.5480585808137095e-21
6,14,6,1.1146467930202461e-16,3.7059928896546079e-17,4.2476432026856787e-10,6.288710433261051e-20,1.5147329425838632e-22,0.71494568085320254,46.841121463874039,6,0,6,6,0.54053607485620625,0.54053607485630695,-1.0074522234967039e-13,2.3736568266485847e-13,2.5433250374983502e-21,1.2716625187491753e-21
6,15,4,1.1137248060727257e-16,3.7059928896546079e-17,5.3517963379942906e-10,7.8754282892807404e-20,1.3970122616481455e-22,1.1233269986356551,48.92291031442204,4,0,4,4,1.0984754559975189,1.0984754559975114,7.4220143919667692e-15,7.9047879353311146e-14,1.5832557751951148e-21,1.5832557751951148e-21
6,16,2,5.0592569033485962e-18,3.7059928896546079e-17,5.1263218200116736e-10,7.3679326672284255e-20,2.8890866370408821e-22,1.4909565368728015,52.223481637071188,2,0,2,2,2.5755896319294291,2.575589631929367,6.1894933622852477e-14,1.078026556911027e-13,1.5934469492115837e-21,1.867781613083573e-21
6,17,2,1.1105460600115519e-16,3.7059928896546079e-17,5.7093340919430355e-10,8.482210047093182e-20,4.0538758021137406e-23,1.610742615336334,55.927000561743128,2,0,2,2,3.2887815476085924,3.2887815476087923,-1.9956258867637189e-13,6.0396132539608516e-13,2.3979693431212279e-21,1.1282024622098634e-21
6,18,1,1.1113127845191299e-16,3.7059928896546079e-17,5.3495529554636707e-10,1.5462835627946405e-19,3.7973701205706006e-22,0.71607638737742507,50.156600871422732,1,0,1,1,0.51276427178974471,0.51276427178970208,4.2632564145606011e-14,4.2632564145606011e-14,3.7749163509303144e-22,0
6,19,1,1.1106279999192484e-16,3.7059928896546079e-17,4.6715750725219662e-10,2.1589129180783922e-19,5.243874409177129e-22,0.71619511462758123,50.070425042019302,1,0,1,1,0.51293409043955385,0.51293409043962956,-7.5717210279435676e-14,7.5717210279435676e-14,7.5578007911165738e-22,3.7789003955582874e-22
6,20,1,1.2959242097243239e-18,3.7059928896546079e-17,5.2359667935633109e-10,2.5093521848501673e-19,1.3195965463363754e-22,0.725676984889703,46.780387559154256,1,0,1,1,0.52660540698461766,0.52660540698452585,9.1815444136500446e-14,9.1815444136500446e-14,3.7693701445134542e-22,3.7693701445134552e-22
6,21,1,7.8269769187023583e-19,3.7059928896546079e-17,5.3895341294172234e-10,2.5858581869863654e-19,3.9514784260813172e-23,0.73629545636296068,40.186255261611372,1,0,1,1,0.54212894170018877,0.54212894170021864,-2.9864999362416711e-14,2.9864999362416711e-14,9.3764839402886383e-22,3.7505935761154566e-22
7,8,227,4.3959676972587732e-16,3.5427931262843056e-17,4.1067308653502454e-08,1.8877085428399853e-17,1.4054321552498761e-22,0.14003602229477041,7.3007297164770222,227,0,227,227,0.066726628253091835,0.066726628253089976,1.829166174260508e-15,1.5953904863863499e-13,8.291059511835517e-20,4.2629434427592537e-20
7,9,111,3.9266737516071646e-16,3.5427931262843056e-17,1.202982601217345e-08,2.3929904123428716e-18,7.5192094253381979e-24,0.22803604092187882,13.334213852104664,111,0,111,111,0.12853651046602255,0.12853651046602257,5.0905855989818554e-17,2.0516921495072893e-13,3.0748948776290158e-20,2.3802666387252307e-20
7,10,62,1.1156616865283904e-16,3.5427931262843056e-17,3.6770558196067928e-09,4.863116747428529e-19,1.6627272010639348e-22,0.29889335234858455,16.1694387490152,62,0,62,62,0.20938162060234294,0.2093816206023533,-1.0470529503170337e-14,4.1877612488860905e-13,2.1926434329009522e-20,1.5130096528072314e-20
7,11,28,1.1644714395125762e-16,3.5427931262843056e-17,2.3326130830323514e-09,2.654275831264699e-19,3.7415402412741026e-23,0.32515218177301169,19.582602217175243,28,0,28,28,0.16766740429229493,0.16766740429229396,1.017364980702389e-15,1.5620837956475953e-13,1.6403959742518754e-20,6.3770970262546504e-21
7,12,16,1.2784482946864693e-16,3.5427931262843056e-17,1.3385483638886383e-09,1.5076977193082701e-19,3.8731960593967798e-23,0.23577179843153917,25.919034660383883,16,0,16,16,0.1394951634177643,0.13949516341776452,-1.7361803726460845e-16,1.1876610805927612e-13,5.2588881580999197e-21,6.8201485576340868e-21
7,13,13,2.4514839596739686e-17,3.5427931262843056e-17,7.6031204936802157e-10,8.8476654397635558e-20,1.5581224085503746e-22,0.3596130237692492,30.788493374670821,13,0,13,13,0.28349972230882858,0.28349972230885412,-2.549229524054871e-14,1.1890488593735427e-13,4.3876170910787496e-21,2.153284140517542e-21
7,14,9,1.1221911467506076e-16,3.5427931262843056e-17,7.1951734854223882e-10,8.5419410741580986e-20,2.2904659175071397e-22,0.41921033737726598,44.282445724797803,9,0,9,9,0.35135484162248848,0.35135484162253033,-4.1908509841438578e-14,1.5792922525292852e-13,5.817805154876961e-21,2.3106057327105151e-21
7,15,7,1.1294561001362887e-16,3.5427931262843056e-17,5.6582878414916054e-10,6.6607927145437803e-20,3.1862461005950106e-23,0.79169067394996528,41.134747217068181,7,0,7,7,0.86513347266170537,0.86513347266166574,3.9638431426070042e-14,2.5512925105886097e-13,3.8660908443866546e-21,2.3158051378824411e-21
7,16,3,3.7448796952305308e-18,3.5427931262843056e-17,5.9429134287733597e-10,6.8075835709473576e-20,3.248280809785508e-22,0.88650086509859982,61.179100320227299,3,0,3,3,1.9764718135425985,1.9764718135425985,-2.2204460492503131e-16,3.6415315207705135e-14,8.0896152112063364e-22,1.5118113406165588e-21
7,17,2,2.2220224333164215e-16,3.5427931262843056e-17,6.1724349916886754e-10,7.8014818472343092e-20,3.5916020520626581e-22,1.4920271091333066,58.212044882133497,2,0,2,2,3.3892240347388043,3.3892240347387648,3.9440672949808686e-14,6.2172489379008766e-14,4.0578287561498518e-22,0
7,18,1,1.0749675146787755e-18,3.5427931262843056e-17,6.3057706562211981e-10,1.3693378937819935e-19,7.4835172677769492e-22,0.37536401886948956,54.226264668111128,1,0,1,1,0.14089801339336055,0.1408980133933368,2.375877272697835e-14,2.375877272697835e-14,1.1458751516848309e-21,0
7,19,1,4.9867790141086299e-18,3.5427931262843056e-17,5.5105180454956071e-10,1.8844684925770396e-19,1.2466275679668629e-22,0.39493338255955002,55.658427309455497,1,0,1,1,0.15597218909430072,0.15597218909428334,1.73749903353837e-14,1.73749903353837e-14,0,3.8237651884231214e-22
7,20,1,1.0232017142564911e-18,3.5427931262843056e-17,5.3294117581521543e-10,2.2072887528926805e-19,2.4891125356623186e-22,0.45657992895992916,54.303073230539361,1,0,1,1,0.2084648828072215,0.20846488280725139,-2.989275493803234e-14,2.989275493803234e-14,7.6282596694833862e-22,1.1442389504225085e-21
7,21,1,2.4313636304879908e-18,3.5427931262843056e-17,6.0362752453842324e-10,2.4606026380581058e-19,2.6274702278131864e-22,0.51050026220781353,50.027499102645109,1,0,1,1,0.26060993598741755,0.26060993598736559,5.1958437552457326e-14,5.1958437552457326e-14,1.1385301566020919e-21,3.7951005220069736e-22
8,9,207,5.5861829448218766e-17,3.6015275823718688e-17,7.7344955853576016e-08,1.8965459317160125e-17,1.5175152407442123e-22,0.13618318582775588,7.0442861085159496,207,0,207,207,0.06757934124654566,0.067579341246541094,4.5589007225741753e-15,1.5842882561400984e-13,9.0377936406863362e-20,5.0057093386102059e-20
8,10,121,1.7214542096146846e-16,3.6015275823718688e-17,1.9903812325148936e-08,2.2194684069136393e-18,2.0191442255405639e-23,0.23002921530495274,11.282753453992743,121,0,121,121,0.13518676879904901,0.13518676879904953,-5.1725039961932354e-16,2.4191759706582161e-13,3.0415391315555809e-20,1.3816872450108285e-20
8,11,60,1.4840123159625487e-16,3.6015275823718688e-17,7.0045834101591718e-09,5.9835703192571663e-19,2.2436205208619937e-22,0.26124755935479704,14.257174608648672,60,0,60,60,0.15462812052483332,0.15462812052484182,-8.4804521938890507e-15,1.4444001550373287e-13,1.0611499443638389e-20,1.0804296451756811e-20
8,12,37,3.9745697688953512e-18,3.6015275823718688e-17,2.8502606111357385e-09,2.3917395306094109e-19,7.6027331338080241e-23,0.26215357505594739,20.127782877421641,37,0,37,37,0.28808370261885391,0.28808370261887656,-2.2578146887769039e-14,4.1255887595070817e-13,1.1279157369777142e-20,8.1214289733520422e-21
8,13,26,3.6076707526257957e-18,3.6015275823718688e-17,1.5827425027347925e-09,1.3904910944391117e-19,5.9597385138086067e-22,0.38904807846517864,26.191847181404224,26,0,26,26,0.28670498142019263,0.2867049814202195,-2.6794466356042581e-14,2.206013149930186e-13,7.9901112473013472e-21,3.1960444989205384e-21
8,14,20,1.1261794593522342e-16,3.6015275823718688e-17,1.1869277722916705e-09,1.0685502951098379e-19,2.0682339271415678e-22,0.37646952081033092,33.432867490712745,20,0,20,20,0.41055039791721953,0.41055039791724945,-2.9842393747120388e-14,3.4550140526334872e-13,4.9014437832773466e-21,2.5967610703368733e-21
8,15,16,1.1143093266904855e-16,3.6015275823718688e-17,9.4589975748945016e-10,8.3905239826183894e-20,8.4225367784298704e-22,0.45398442872465733,38.154546864896702,16,0,16,16,0.83468384908848259,0.83468384908850757,-2.4891892746233685e-14,4.3920422854171193e-13,4.3221919722240111e-21,2.3695304301012039e-21
8,16,7,5.5589476426468221e-18,3.6015275823718688e-17,6.929346324430811e-10,5.9394194353523836e-20,2.7061944179386206e-23,0.93523333675590403,45.978691403423191,7,0,7,7,1.5456010329319629,1.5456010329319887,-2.5833997639525461e-14,4.7073456244106637e-13,4.5969288258702666e-21,2.6933797611577666e-21
8,17,5,1.1817851633296196e-17,3.6015275823718688e-17,7.3279007876871669e-10,7.0027219841870402e-20,1.2103261118361049e-22,0.38855164062719866,51.726829457880378,5,0,5,5,1.6421361368903049,1.6421361368903671,-6.2105529052836064e-14,2.4513724383723456e-13,1.6676228624355426e-21,7.7132456725881447e-22
8,18,2,2.2207312463682516e-16,3.6015275823718688e-17,7.2123381733868789e-10,1.1346822863696106e-19,4.5927118354669208e-22,0.24462722789747057,55.493771560960866,2,0,2,2,0.074638730661183775,0.074638730661113026,7.0748094882500112e-14,1.1440848268762238e-13,1.5919837946732999e-21,1.9356625048168879e-21
8,19,2,2.8153534342969682e-18,3.6015275823718688e-17,6.0950134793658858e-10,1.5532825474685519e-19,4.7549398270916052e-22,0.42939976491585996,57.94043473003714,2,0,2,2,0.18563996485018908,0.18563996485020984,-2.0761170560490427e-14,8.404388296412435e-14,1.9880058545444107e-21,3.9760117090888236e-22
8,20,2,3.0579885103115183e-18,3.6015275823718688e-17,5.2624926505690284e-10,1.8356338770528495e-19,3.6101430898981631e-22,0.59525594580880248,58.168028790980109,2,0,2,2,0.36615834131112979,0.36615834131109343,3.6387559632089506e-14,7.7438055967604669e-14,1.7825461437972353e-21,1.9806068264413724e-22
8,21,1,1.1102469165302935e-16,3.6015275823718688e-17,6.0666045814751985e-10,2.0942241367175141e-19,4.1891026735661031e-23,0.55707066722290566,57.003770643753164,1,0,1,1,0.31032710451772222,0.31032710451756595,1.5626389071599078e-13,1.5626389071599078e-13,1.5385613449461622e-21,5.7696050435481126e-22
9,10,236,1.5343511705489515e-16,7.4352573136999346e-17,1.8970797270164196e-07,2.0079184717245945e-17,9.2632391719407898e-23,0.14818904066389438,5.6002001148854461,236,0,236,236,0.076417031568186189,0.076417031568181262,4.9577170935008449e-15,2.758904216193514e-13,8.133925358911939e-20,4.455773569831863e-20
9,11,123,1.2942482802560474e-16,7.4352573136999346e-17,3.5422578590712946e-08,2.0444770289995193e-18,3.4902028891647017e-22,0.22400061167254767,7.8868343922257234,123,0,123,123,0.24482351231742955,0.24482351231742952,-1.0623381861828533e-16,2.3625545964023331e-13,2.9170543092805801e-20,1.6339137814581375e-20
9,12,76,2.6549714065929523e-16,7.4352573136999346e-17,1.0399575494044439e-08,5.8318631509845779e-19,1.7893947530111475e-22,0.29210998060308668,13.789222117826931,76,0,76,76,0.3487792124309495,0.34877921243094906,5.1620414610714708e-16,6.510347816401918e-13,1.7273707084813221e-20,9.1624622941250917e-21
9,13,54,1.3028918036442772e-16,7.4352573136999346e-17,3.648126972377915e-09,2.2141642491571129e-19,1.6146197712153138e-22,0.40442101911311878,18.929767752785779,54,0,54,54,0.4978012412614391,0.4978012412614522,-1.322115494200758e-14,4.4053649617126212e-13,1.2948185833061632e-20,8.5884029087093943e-21
9,14,38,1.1259883750782753e-16,7.4352573136999346e-17,2.2410813026366348e-09,1.4033497712459382e-19,4.3133354201913034e-23,0.42232691161592051,27.858889184806081,38,0,38,38,1.7946008271925031,1.7946008271925113,-7.7387981162990249e-15,3.4106051316484809e-13,8.9494839697817198e-21,4.4815043783302082e-21
9,15,23,1.2978464438900888e-16,7.4352573136999346e-17,1.4294312581580296e-09,8.6488278987593229e-20,3.5552365910429339e-22,0.41746701978300849,34.44482071317772,23,0,23,23,0.74263083993789025,0.74263083993788903,1.1394493440573745e-15,3.872457909892546e-13,3.3698390952389178e-21,4.7938734139939873e-21
9,16,11,1.1356897616460652e-16,7.4352573136999346e-17,1.3035598434818862e-09,7.4864833069470581e-20,3.5440503968278278e-22,0.88612402521787437,43.87117105841827,11,0,11,11,1.4541542281131525,1.4541542281131177,3.4869370580706854e-14,1.8107737531636303e-13,4.2428337681830395e-21,3.30877034707797e-21
9,17,9,1.1329290210271543e-16,7.4352573136999346e-17,9.1294843790097544e-10,7.2578848655423774e-20,4.1136314045965294e-22,1.1103428161323625,49.522536443165755,9,0,9,9,1.3585068868623642,1.3585068868624666,-1.0241190611597833e-13,2.8110846983508964e-13,4.5303911417911049e-21,1.6786861683143708e-21
9,18,4,1.5523825876600014e-17,7.4352573136999346e-17,7.7011918312259336e-10,9.7550725535164678e-20,2.6990385278215514e-22,0.45876652733593337,53.745541371800044,4,0,4,4,0.60685267105275298,0.60685267105268237,7.0513039851505255e-14,3.0553337637684308e-13,1.6604912919361532e-21,8.3024564596807705e-22
9,19,4,1.5353462153231483e-17,7.4352573136999346e-17,6.3605114352128667e-10,1.2590289808139378e-19,2.5362429796991586e-24,0.65872748870935216,56.706703721399855,4,0,4,4,0.89267479796641136,0.89267479796644233,-3.1124408605975873e-14,2.9265478929119126e-13,1.9137577108212513e-21,8.2837221962650151e-22
9,20,4,1.1119191401092434e-16,7.4352573136999346e-17,5.4689955087901093e-10,1.4516818916752042e-19,1.3091682419867309e-22,0.85068430719868537,57.913160727258671,4,0,4,4,1.1605830126701429,1.1605830126700269,1.159312988489869e-13,1.7896795156957523e-13,1.5683780888909317e-21,1.0300840754878206e-21
9,21,1,5.7324766529647526e-18,7.4352573136999346e-17,5.8380861687049329e-10,1.6868395653454699e-19,1.3044938552612271e-22,0.49193179280815452,61.110507388227091,1,0,1,1,0.24199653663244569,0.24199653663247883,-3.3140157285060923e-14,3.3140157285060923e-14,0,0
10,11,218,2.3448098181478358e-15,6.689306919881778e-17,4.9342707049466158e-07,1.8657469475574127e-17,2.191059878502548e-22,0.1519755735583746,4.1321122337369136,218,0,218,218,0.098510877579417955,0.098510877579421452,-3.5527243854013762e-15,2.6245672302138701e-13,5.6329354692761507e-20,3.5152899762978943e-20
10,12,128,2.2693514801058355e-16,6.689306919881778e-17,6.9009443247775519e-08,2.1323581653553395e-18,1.2124909827059411e-23,0.23763785110598468,8.3472186665056647,128,0,128,128,0.23759373460888422,0.23759373460888433,-2.5830681694776683e-17,1.6076029396572267e-13,2.3695510662192029e-20,1.211522432261895e-20
10,13,83,2.3404208814330894e-16,6.689306919881778e-17,8.3951716676879134e-09,5.3938273729930451e-19,2.656048640996993e-22,0.27453016673826697,13.209378254552382,83,0,83,83,0.53023041620615896,0.53023041620616262,-3.6204821519645299e-15,3.0719871091378081e-13,1.4208464500778988e-20,8.0854644770854639e-21
10,14,56,1.7022056297791388e-16,6.689306919881778e-17,3.6145445190890133e-09,2.0340821064228278e-19,1.9539389562167887e-22,0.30353421230112299,18.351749109490783,56,0,56,56,1.0209414249885276,1.0209414249885371,-9.7432355810931286e-15,2.7711166694643907e-13,9.6813526121125614e-21,6.7046699756145176e-21
10,15,34,7.0910045814634391e-17,6.689306919881778e-17,3.0005771971481144e-09,1.047909184307431e-19,3.0909689012589105e-23,0.29648862752575039,23.438216779326289,34,0,34,34,1.5754300277407003,1.5754300277407189,-1.9127417173649128e-14,1.7741363933510002e-13,6.2924332844636245e-21,4.6384547311195881e-21
10,16,16,1.1203630652459323e-16,6.689306919881778e-17,1.2317333868644853e-09,7.8301128857195248e-20,2.2680512150979514e-22,0.59325400205909307,35.983831641188402,16,0,16,16,0.54921354864431415,0.54921354864434146,-2.7425110793455332e-14,2.8421709430404007e-13,4.3255427068592111e-21,2.1627713534296059e-21
10,17,12,1.147430651329245e-16,6.689306919881778e-17,9.1319196623029912e-10,8.1060347439083636e-20,2.2136347239497308e-22,0.68183849185854795,42.865271563320526,12,0,12,12,0.75164468575010546,0.75164468575014742,-4.1864949007486274e-14,2.0383694732117874e-13,5.3320807369364367e-21,2.6053239827880719e-21
10,18,5,1.3333837665823993e-17,6.689306919881778e-17,7.5294556361950025e-10,9.0158173407673409e-20,9.1443061805052292e-22,0.38371675118373005,50.517343536173861,5,0,5,5,0.6025537505945755,0.60255375059454774,2.7691390847017772e-14,2.48245868306185e-13,8.4145582256564211e-22,3.0870974468698552e-21
10,19,4,1.1200270410529122e-16,6.689306919881778e-17,6.8217273354821574e-10,9.8936165799471024e-20,5.7619754179645468e-22,0.89163495841931306,54.686632657486413,4,0,4,4,1.0930122829120896,1.0930122829120219,6.7875826487151514e-14,3.290701044988964e-13,3.1901650507776165e-21,1.6393108226967212e-21
10,20,4,2.2204718613084827e-16,6.689306919881778e-17,4.5512717099718026e-10,1.177680066084188e-19,9.0947575422193331e-23,0.91291178948681095,56.894005124145181,4,0,4,4,1.4306701315588659,1.4306701315588537,1.234949642547889e-14,5.6399329650957952e-14,1.6705280041127651e-21,1.1933213187907035e-21
10,21,1,5.5051752816803288e-18,6.689306919881778e-17,5.6243484873082069e-10,1.3332424384867228e-19,3.7887955923333429e-22,0.324570084016372,62.372906977410615,1,0,1,1,0.10534565637018928,0.10534565637013894,5.0334736378943035e-14,5.0334736378943035e-14,2.7706256079033349e-21,7.9160731654381006e-22
11,12,261,6.9398567379382788e-16,3.9984832438779498e-17,9.2609321105832495e-07,1.8590580618087293e-17,1.5447058320155757e-22,0.1277908813713779,4.9526645911564486,261,0,261,261,0.071683306108346875,0.071683306108348402,-1.4311618911570002e-15,2.0050627824730327e-13,6.8457196908564066e-20,3.1984103570781223e-20
11,13,171,9.9205834639482689e-17,3.9984832438779498e-17,6.3497476755893402e-08,1.7513319715097552e-18,1.5284979776383085e-22,0.20101297097528695,10.363809628085523,171,0,171,171,0.30509812497775513,0.30509812497775801,-2.758976104957114e-15,5.6488147492927965e-13,2.5355157356286008e-20,1.5785621632590854e-20
11,14,112,1.2143821894010092e-16,3.9984832438779498e-17,1.3660195245512401e-08,4.7584409902060388e-19,1.2976341652805597e-22,0.28466440845773322,15.950650541318611,112,0,112,112,0.37092991631164229,0.37092991631164868,-6.4181022910444395e-15,6.8123284790999605e-13,2.3166406568277404e-20,8.8450895741150176e-21
11,15,74,6.3327741806647604e-17,3.9984832438779498e-17,9.5677356978294915e-09,1.6826546559043451e-19,2.3650519548990287e-22,0.34475908080928452,23.628259528766471,74,0,74,74,0.40719866054282716,0.40719866054284309,-1.6066659399067273e-14,2.6156854460168688e-13,8.2464337354292973e-21,7.4060305288043434e-21
11,16,43,1.16438623004774e-16,3.9984832438779498e-17,9.0036973733220011e-09,1.0560621619069688e-19,8.1487575280752226e-23,0.6439028178008348,28.856191281897448,43,0,43,43,0.65537084944603874,0.65537084944606172,-2.3000880108805366e-14,4.82280881897168e-13,6.5798954314320138e-21,4.6270945637362912e-21
11,17,27,1.1102999724687251e-16,3.9984832438779498e-17,1.7362373033722823e-09,9.5586703454870006e-20,1.0066049670422427e-22,0.65711287013342745,32.992106010889472,27,0,27,27,0.61204997487890078,0.61204997487894186,-4.0981308174656181e-14,3.6814995496570191e-13,5.2108052315443148e-21,2.6236684004570326e-21
11,18,12,1.1114362286340473e-16,3.9984832438779498e-17,6.9741195096265571e-10,9.6264184222836223e-20,2.9334285914932094e-22,0.57475913349529506,30.309376032177624,12,0,12,12,1.0058206209937945,1.0058206209938076,-1.2899765168087699e-14,3.7414515929867775e-13,4.0425908258816474e-21,3.4190070892544067e-21
11,19,6,1.1107929518948269e-16,3.9984832438779498e-17,4.6713288788781775e-10,9.2127782899320956e-20,1.9083083914960578e-22,0.74256922146507587,45.053826166599009,6,0,6,6,1.0226739774388196,1.0226739774387636,5.6168322308073705e-14,1.6964207816272392e-13,4.4514494431192165e-21,2.5531950079672793e-21
11,20,4,1.1120622351864403e-16,3.9984832438779498e-17,4.6035424745679953e-10,9.8167310214642905e-20,2.2763800052706299e-22,0.98593987239689729,54.020455052301642,4,0,4,4,1.7116658565828655,1.7116658565827432,1.2233963841978834e-13,2.4735768988648488e-13,1.6148389198630509e-21,1.5644355504333532e-21
11,21,1,1.1112588233319984e-16,3.9984832438779498e-17,5.2070240341699151e-10,9.7450339897055798e-20,2.2273417044983983e-22,0.31690599001758213,61.406446817938857,1,0,1,1,0.10042934329013187,0.10042934329014117,-9.298117831235686e-15,9.298117831235686e-15,1.2051333709045702e-21,4.017111236348568e-22
12,13,278,1.0516346042612022e-15,1.6864030523197573e-16,3.1941312954075091e-07,1.7664035440245618e-17,5.9612435414886387e-23,0.15702506394269733,4.87663003228527,278,0,278,278,0.18909836280815626,0.18909836280815817,-1.6284458331029524e-15,2.9842794901924208e-13,4.3248303870012578e-20,3.1956501325566634e-20
12,14,183,3.9461713040417112e-16,1.6864030523197573e-16,4.2076093930625053e-08,1.7485759219670154e-18,1.1901543913728436e-22,0.23403417664784443,9.694132870472588,183,0,183,183,0.35748422340613528,0.35748422340614683,-1.191943503356885e-14,1.3091749906379846e-12,4.4081914844821978e-20,1.6209400167441153e-20
12,15,110,2.4709361237997316e-16,1.6864030523197573e-16,1.7729556928044682e-08,4.5321627203666634e-19,3.5618581964422592e-22,0.26846713257808075,15.005785430961277,110,0,110,110,0.42235937673266666,0.42235937673267282,-6.3589917393063918e-15,2.6134649999676185e-13,1.1168322819181536e-20,8.2012229892694879e-21
12,16,62,2.4646926416605951e-16,1.6864030523197573e-16,1.5245357505993918e-08,2.2067498325618138e-19,2.4789208693871306e-22,0.39335470451320864,21.470347545027789,62,0,62,62,0.42411701829175014,0.42411701829175685,-6.8817718053048666e-15,3.0198066269804258e-13,7.1514633940652543e-21,5.6176901690983749e-21
12,17,32,5.3500651878399005e-17,1.6864030523197573e-16,3.6055169358414708e-09,1.3454876645802021e-19,8.066355390087599e-22,0.4728742301930805,26.947419716287826,32,0,32,32,0.57308878849706435,0.57308878849707245,-8.0757697731298071e-15,2.2082335959794364e-13,8.8189265115699197e-21,4.3824882736013451e-21
12,18,15,2.8113541878120727e-17,1.6864030523197573e-16,8.547336365485196e-10,1.1411377431797254e-19,2.7539848099664816e-22,0.38891076618859,25.666620295349652,15,0,15,15,1.2223210701648184,1.2223210701648144,3.8451374607488077e-15,1.8052226380405045e-13,5.0372283741232643e-21,3.4352881964752351e-21
12,19,6,3.6039024855971718e-18,1.6864030523197573e-16,4.824118428584861e-10,9.6061063788903136e-20,3.7445284349044691e-23,0.45690056289112008,40.594532525998822,6,0,6,6,0.58626723576260698,0.58626723576267503,-6.8112182560753354e-14,3.2285285556099552e-13,3.156188821432466e-21,1.6777791249047582e-21
12,20,4,1.1492970181465375e-17,1.6864030523197573e-16,4.820288494148639e-10,8.1769929751176518e-20,3.2454030948157621e-22,0.44752540643639338,48.309920179975364,4,0,4,4,1.0831173233038869,1.0831173233040614,-1.7434664822957302e-13,6.3726801613483985e-13,3.9502805314352653e-21,8.3599075000774827e-22
12,21,1,1.114880932162212e-16,1.6864030523197573e-16,5.6817076337868093e-10,7.8243624197331036e-20,1.8787967699508625e-23,0.57247268495642623,58.250160810471677,1,0,1,1,0.3277246723798089,0.32772467237987568,-6.6779914931203166e-14,6.6779914931203166e-14,2.4472290065592164e-21,8.1574300218640576e-22
13,14,421,2.2231455217102348e-16,3.5651747346356739e-17,1.3507296754319087e-07,1.9639026435261497e-17,1.2857986369084424e-22,0.15498336454240672,4.7085837909106738,421,0,421,421,0.11071989453161808,0.11071989453161833,-2.3812384016506171e-16,3.5749181392930041e-13,5.394429610318419e-20,3.0847547954874187e-20
13,15,245,1.2802924893486099e-16,3.5651747346356739e-17,4.7119296112663212e-08,2.0265747782980342e-18,2.62829495331369e-23,0.22207184201620742,9.4272475517815515,245,0,245,245,0.20105900461591178,0.20105900461590856,3.2442295206429255e-15,2.9598545836506673e-13,2.5059217452844997e-20,1.9982542439904291e-20
13,16,146,1.6699252515228461e-16,3.5651747346356739e-17,8.1917707823593936e-09,5.8964724146854112e-19,8.4884558344305509e-23,0.34919898115939951,14.777502469460716,146,0,146,146,0.42126834301863142,0.42126834301861965,1.1509724500462557e-14,6.9633188104489818e-13,2.0868138066593817e-20,8.9303399636366193e-21
13,17,75,4.7247800765447359e-17,3.5651747346356739e-17,2.1721755693499384e-09,2.9803516999908426e-19,2.2391523692830956e-22,0.3936944765339157,19.182800948912611,75,0,75,75,1.0993623371551591,1.0993623371551791,-1.9529012738536689e-14,4.2499337382650992e-13,1.1814146098408461e-20,6.6327422605820699e-21
13,18,37,5.5441409740458072e-18,3.5651747346356739e-17,8.7324158827573067e-10,1.6186622891268599e-19,3.6775566092088294e-23,0.4237675928831231,19.518052188037313,37,0,37,37,2.7000837828444402,2.7000837828444215,1.9711322945492003e-14,3.6237679523765109e-13,6.9406079432635999e-21,3.8052085015857595e-21
13,19,18,1.1124344375056222e-16,3.5651747346356739e-17,6.7103894714550555e-10,1.1842647553032998e-19,3.7506858359458639e-22,0.39258875335648269,24.659309924282503,18,0,18,18,4.9825559585413668,4.9825559585414023,-3.5545447758029208e-14,3.4106051316484809e-13,5.4273125786066469e-21,2.1807241400664696e-21
13,20,10,1.1142016632748952e-16,3.5651747346356739e-17,6.0512052267455897e-10,8.0610901501903231e-20,2.6867917725923592e-22,0.6169174569474829,37.787761568295394,10,0,10,10,12.464532152074936,12.464532152075154,-2.2133093968701446e-13,1.9184653865522705e-12,5.0510226237347741e-21,2.807536410736938e-21
13,21,4,1.1145539485458955e-16,3.5651747346356739e-17,8.0336005050790008e-10,7.1865364948269714e-20,1.6092960991954764e-22,0.88570916873171113,45.942357143520447,4,0,4,4,0.75735299994637906,0.75735299994632699,5.2131909900055007e-14,1.247890679678676e-13,1.6543205553183393e-21,1.6543205553183397e-21
14,15,383,8.4492208620258833e-16,8.6903029745621066e-17,4.6065432532041351e-07,1.8184783597152294e-17,1.5642007522493291e-22,0.15545919494721902,4.698001219828762,383,0,383,383,0.083859625368936347,0.083859625368937554,-1.2690517549462041e-15,1.6447954109821694e-13,5.4964728479918156e-20,2.6882179485898308e-20
14,16,214,2.4069222909790163e-16,8.6903029745621066e-17,2.1017982332954875e-08,2.2286648503107244e-18,2.0375326507096616e-23,0.24125928694016535,9.4699304059965748,214,0,214,214,0.2581093766752795,0.25810937667528278,-3.3269824361973562e-15,4.4408920985006262e-13,3.0307345632717099e-20,1.6359980462069519e-20
14,17,117,4.5894599896753462e-17,8.6903029745621066e-17,4.3228368342006619e-09,7.846216987611474e-19,1.0218407272335008e-22,0.34429805767208449,13.840744783201439,117,0,117,117,0.38734575912496932,0.38734575912497654,-7.3823782924151625e-15,8.4021678503631847e-13,1.6330471496483176e-20,8.8319598463503626e-21
14,18,63,6.0708011698936284e-17,8.6903029745621066e-17,1.6221287727167518e-09,3.6128052651142393e-19,4.7567137889726904e-22,0.33807613806915543,16.870869600705099,63,0,63,63,0.48824527276251267,0.4882452727624999,1.2750285526184791e-14,3.5438318946034997e-13,1.2192075692977864e-20,6.8687692580891497e-21
14,19,32,5.3626638405112351e-17,8.6903029745621066e-17,8.078653053269664e-10,1.557685321700929e-19,3.5522356930883721e-23,0.37300769761449992,24.009570810229349,32,0,32,32,0.90595086880214926,0.9059508688021366,1.2465665300128922e-14,8.2778228716051672e-13,5.1478760012431294e-21,3.87742370652269e-21
14,20,22,1.1686258667579913e-16,8.6903029745621066e-17,7.7451356851011384e-10,9.8292696179934867e-20,1.3540861889730357e-22,0.45257917660141467,31.363711252551909,22,0,22,22,0.41104130224827728,0.41104130224825841,1.884193558752336e-14,1.4599432773820809e-13,5.1302473694887245e-21,3.5331267595212955e-21
14,21,9,1.1551760756364677e-16,8.6903029745621066e-17,1.1593892725790972e-09,6.9647024171484815e-20,5.8670115171032224e-22,0.57228769091019172,32.161697429827953,9,0,9,9,0.34275817406442594,0.34275817406441594,9.9164503768949744e-15,1.0104417302869706e-13,5.6954662494103302e-21,1.4238665623525831e-21
14,22,2,3.497875876279962e-18,8.6903029745621066e-17,5.4615140823936759e-09,5.6933871973319722e-20,2.3186564522037816e-22,0.31707681719680914,18.677383079453833,2,0,2,2,0.12703510989322603,0.1270351098932592,-3.3166178137200575e-14,5.7398530373120593e-14,4.0913270544666e-21,8.1826541089332044e-22
15,16,364,8.2102068495838162e-16,3.9984846088531353e-17,3.6103193293041679e-07,2.0977194886045459e-17,5.3330868551848073e-23,0.15002506988421008,4.9185941438590621,364,0,364,364,0.076573622913982578,0.076573622913986922,-4.3819023632985485e-15,1.9617640845126516e-13,6.2867387009086451e-20,3.0647280612803132e-20
15,17,195,2.2930513149555723e-16,3.9984846088531353e-17,8.8464703287091788e-09,2.6502713693703577e-18,2.6840485581641829e-22,0.30936676732820823,10.267424866884046,195,0,195,195,0.26006965541571053,0.26006965541571081,-2.9063177624036261e-16,2.9753977059954195e-13,2.5654514856390677e-20,1.1636169587572767e-20
15,18,113,1.1193611609679597e-16,3.9984846088531353e-17,1.988889944082257e-09,7.4050519355744882e-19,2.6592968394325912e-22,0.28270352891012418,13.871136492715769,113,0,113,113,0.47601806113081763,0.47601806113082967,-1.1869361196351879e-14,2.5213164889237305e-13,1.2425271961495211e-20,1.0247636567294782e-20
15,19,58,1.2281920341237496e-16,3.9984846088531353e-17,8.4906884443280832e-10,2.4744318804214955e-19,2.4621320020815422e-22,0.41461307968743988,18.050937062086213,58,0,58,58,1.0263130145751918,1.0263130145752166,-2.5036087546049683e-14,1.0018652574217413e-12,8.9219537620762877e-21,7.2524674721228762e-21
15,20,41,3.8783457924863004e-17,3.9984846088531353e-17,5.1542947492478683e-10,1.430749444205464e-19,2.9798519180648967e-22,0.37335744295561679,24.824360764374514,41,0,41,41,1.5587103300640526,1.5587103300640597,-7.0367127394253048e-15,4.8805404162521882e-13,8.6145821576530471e-21,3.4637093936956041e-21
15,21,23,1.1190171038817352e-16,3.9984846088531353e-17,6.1720494277184975e-10,7.5025871341798066e-20,6.1162299499482171e-22,0.47553541356102297,40.42178574846421,23,0,23,23,3.8473317104959066,3.8473317104959017,4.9138682253636939e-15,2.9487523534044158e-13,5.1186831402575127e-21,1.8148586612523709e-21
15,22,12,8.2548496111202073e-18,3.9984846088531353e-17,8.8604114852456883e-10,6.2316933388415794e-20,4.7991557140695728e-23,0.62093076821903692,127.6442832244214,12,0,12,12,10.373529129445155,10.373529129445203,-4.6403880087433902e-14,2.2393198406689407e-13,2.5095445268041824e-21,1.4544364209676697e-21
15,23,8,1.1106045968156485e-16,3.9984846088531353e-17,4.9691220007774316e-10,6.5953263417823177e-20,3.7418841867522636e-23,0.86115245518376626,148.74178932728654,8,0,8,8,21.7092883288582,21.709288328858069,1.2712629614362175e-13,1.3642420526593924e-12,1.3396162471367767e-21,1.4433999522190437e-21
15,24,7,2.1274756429289319e-18,3.9984846088531353e-17,2.9049968767042835e-10,8.0350441816911831e-20,1.5296724088081757e-22,0.71972083143150212,169.37721671819278,7,0,7,7,34.328550415493829,34.328550415493858,-2.6327464514031007e-14,1.4210854715202004e-13,1.4101660910277922e-21,1.051060261884264e-21
15,25,7,1.1108864447737952e-16,3.9984846088531353e-17,2.5284637870138467e-10,1.0201714634092397e-19,3.1914490795767521e-22,0.79413449317774254,183.19708398050838,7,0,7,7,46.566572890071178,46.566572890070873,2.9827853047127113e-13,2.0463630789890885e-12,2.8353935610922569e-21,1.448737801398757e-21
15,26,5,2.2207875691866052e-16,3.9984846088531353e-17,3.636723641458659e-10,1.4708274434851645e-19,1.0706776593013314e-22,0.52742956837570532,191.27916634917474,5,0,5,5,0.62489789675768381,0.62489789675773744,-5.3557852597307942e-14,2.375877272697835e-13,1.4377961353114264e-21,1.0268675129472287e-21
15,27,2,2.8095992820926181e-18,3.9984846088531353e-17,4.2018418851650755e-10,1.8192604770597718e-19,1.6154897304653708e-22,0.52326981622633006,192.46725664239233,2,0,2,2,0.27962546275757216,0.27962546275752104,5.1125770283988459e-14,8.2156503822261584e-14,7.0114282115591774e-22,7.1947996317584263e-22
15,28,1,1.110244792896674e-16,3.9984846088531353e-17,4.1923480351324341e-10,1.8137866670812289e-19,2.9114102123080495e-22,0.18280998259814099,184.6244118411079,1,0,1,1,0.033419469260227742,0.03341946926021875,8.992806499463768e-15,8.992806499463768e-15,0,3.7190825749262201e-22
16,17,374,2.0669424642583196e-15,6.6229576805315203e-17,3.2398653336380081e-07,2.3087846570112843e-17,1.1114472537834804e-22,0.17860320838230251,5.0032015884678858,374,0,374,374,0.098901223859015633,0.098901223859017687,-2.1025904702062682e-15,2.6945112807652549e-13,4.2047114478896632e-20,2.9566332795213056e-20
16,18,207,5.0706036338594033e-16,6.6229576805315203e-17,2.0425303568917703e-08,2.897589811267389e-18,8.8461512470162517e-24,0.2527044555930455,9.5432450867515595,207,0,207,207,0.2345579865796967,0.23455798657969798,-1.1279719289556272e-15,3.7214675785435247e-13,2.8657991547848518e-20,1.5070137803208397e-20
16,19,116,2.0649553396194394e-16,6.6229576805315203e-17,9.4731143796253143e-10,5.4960106903067178e-19,3.0224124411001975e-22,0.28226815383075482,15.482976686352101,116,0,116,116,0.39471772707935326,0.3947177270793561,-3.0277918896867401e-15,8.9350749021832598e-13,1.7829477980862998e-20,7.5247001533144639e-21
16,20,80,1.1275870147547091e-16,6.6229576805315203e-17,5.809842382461834e-10,1.9701232916681829e-19,4.2697828899489039e-22,0.33682870013116356,25.115396240557303,80,0,80,80,0.62503086123631302,0.62503086123631213,7.928615480357146e-16,3.1974423109204508e-13,9.5306851357430205e-21,6.8455650262793369e-21
16,21,49,7.9683431707631184e-17,6.6229576805315203e-17,3.907755183584207e-10,1.1226480257060739e-19,9.9154007039766913e-23,0.35575997136477433,37.517602979659387,49,0,49,49,1.3421448876529078,1.3421448876529087,-1.1383520639817846e-15,1.794120407794253e-13,5.4498004766182487e-21,5.320105961492817e-21
16,22,30,2.3871525911085538e-16,6.6229576805315203e-17,3.2850086149469532e-10,7.5219356679273079e-20,2.522085317717961e-22,0.33321754531847325,97.301815865508331,30,0,30,30,0.32441641994048864,0.32441641994050002,-1.1336765311954535e-14,1.7397194795876203e-13,5.8437135637207539e-21,4.0544859215099646e-21
16,23,20,3.7287261077829312e-17,6.6229576805315203e-17,2.2496664767298911e-10,6.7559533833475153e-20,2.7751847952805711e-22,0.25341890502197262,137.07436442850297,20,0,20,20,0.34088363796639382,0.34088363796637283,2.1025718601082321e-14,2.922107000813412e-13,6.0327738361504176e-21,1.3025429190011042e-21
16,24,16,2.0741135829702901e-17,6.6229576805315203e-17,1.9238507761427238e-10,7.4415420191863783e-20,4.056050521625046e-22,0.29935489979520186,160.27316171192305,16,0,16,16,0.32408699178511008,0.32408699178514699,-3.6912136989699551e-14,3.1707969583294471e-13,2.4541632532872664e-21,2.5201629827677234e-21
16,25,14,1.1437860976930645e-16,6.6229576805315203e-17,2.501849805695073e-10,8.9585781403116797e-20,6.6288199198702667e-23,0.42930400704075689,173.89574576556095,14,0,14,14,0.45773121942834999,0.45773121942835104,-1.1718366852272613e-15,1.8540724511240114e-13,2.5182210285736815e-21,1.5457929024584359e-21
16,26,10,1.1121172630437142e-17,6.6229576805315203e-17,3.227174634707295e-10,1.1481133944412765e-19,3.3494270906369718e-22,0.41085977654493022,184.52112337372461,10,0,10,10,0.45538903769205641,0.45538903769210559,-4.9327664349008152e-14,2.8577140653851529e-13,2.2484292858319356e-21,1.2472085500516694e-21
16,27,7,1.3606810113866002e-17,6.6229576805315203e-17,3.9251485721291663e-10,1.5010972931436349e-19,1.305859044899836e-22,0.56654299790466289,185.9129491427127,7,0,7,7,0.33906300020376129,0.33906300020375457,6.7654215563095477e-15,1.1879386363489175e-13,3.6110034639685745e-21,6.7567464337699963e-22
16,28,3,1.1109573381411694e-16,6.6229576805315203e-17,3.8499792154903291e-10,1.633626364820259e-19,1.4485628634781591e-22,0.059214445702447868,192.97176373329057,3,0,3,3,0.18779620578539055,0.1877962057854288,-3.8254736473471627e-14,9.9031893796563963e-14,2.0955924452371628e-21,6.4218363321763275e-22
16,29,1,1.1108015812496844e-16,6.6229576805315203e-17,4.1430281553090642e-10,1.2010476107360581e-19,2.5816034775686537e-22,0.85276742851968668,122.09006078303385,1,0,1,1,0.7272100433926838,0.72721004339267181,1.1990408665951691e-14,1.1990408665951691e-14,0,3.2788368856914842e-22
17,18,368,2.0401401052886821e-16,2.0779660143197896e-16,1.4806136220420403e-07,1.8543909271702529e-17,1.3252124210737191e-22,0.14153508130959266,4.804086470510093,368,0,368,368,0.083122124673118719,0.083122124673116402,2.3844802255628783e-15,2.581268532253489e-13,6.1663762688429756e-20,2.8981367529860676e-20
17,19,219,5.029985056481453e-17,2.0779660143197896e-16,6.4660740436638017e-09,2.1674851465649938e-18,1.6697303234163597e-22,0.22855972716744224,10.534684664628401,219,0,219,219,0.20533546399248323,0.20533546399248589,-2.6789463082967118e-15,3.2240876635114546e-13,2.1519571623686005e-20,1.5181190379632887e-20
17,20,142,1.1233199968211144e-16,2.0779660143197896e-16,2.5531068911041737e-09,4.6192786707007069e-19,4.9289450504312178e-22,0.26266064657914506,17.847351345528203,142,0,142,142,0.32004267987674634,0.32004267987675444,-7.9320819835713577e-15,3.8991032624835498e-13,1.3996087094586073e-20,7.5136383822871215e-21
17,21,93,5.0389345473588518e-18,2.0779660143197896e-16,4.4770485226439722e-10,2.126583320026508e-19,1.324329396654834e-22,0.32177504151534392,28.851712592580938,93,0,93,93,0.47152743237575556,0.47152743237575079,4.6875037009283377e-15,3.9657166439610592e-13,1.2112501903294863e-20,4.4578054119671297e-21
17,22,60,1.2615471098979184e-16,2.0779660143197896e-16,2.1953577872031656e-10,1.0874550947211234e-19,4.0359498248388025e-22,0.22536914968578314,68.310226493147567,60,0,60,60,0.43438821369692826,0.43438821369693847,-1.0013741861177501e-14,3.7791991758240329e-13,8.6954978985657217e-21,5.7969985990438177e-21
17,23,41,3.5828164104690449e-17,2.0779660143197896e-16,2.0488247358296078e-10,8.3940120597224156e-20,1.2775929734191235e-22,0.24221511086987521,99.008177429679733,41,0,41,41,0.63939251959881271,0.63939251959881616,-3.4801308884074352e-15,2.5135449277513544e-13,2.9820139890923945e-21,2.4068104606244873e-21
17,24,31,1.0783835036452034e-17,2.0779660143197896e-16,2.0295692529052821e-10,7.034064583854551e-20,8.7073826272689347e-23,0.29766025926535716,141.99370331294864,31,0,31,31,0.87815387508654152,0.87815387508655629,-1.4492567599768843e-14,3.0730973321624333e-13,4.0385264921437819e-21,1.8033897540650814e-21
17,25,23,2.2636968945383405e-17,2.0779660143197896e-16,2.6056779524092309e-10,8.1704383749737468e-20,3.5604622425046694e-22,0.39065276290093598,158.69928116543565,23,0,23,23,0.92217388792487254,0.9221738879248893,-1.6644803741827158e-14,2.304822999121825e-13,3.9174888466280932e-21,2.1699993757164252e-21
17,26,15,1.1238555129445954e-16,2.0779660143197896e-16,2.9173583742253933e-10,9.0023523473759991e-20,2.2954278978642724e-22,0.50924567838029222,175.53828151381529,15,0,15,15,1.8252633310647732,1.8252633310647759,-2.6434294568093244e-15,1.8118839761882555e-13,2.9174123809444171e-21,1.8592325542537899e-21
17,27,11,5.8722406733819208e-18,2.0779660143197896e-16,3.6293097600020468e-10,1.2119026273234679e-19,1.4339234510388827e-24,0.60761732199572205,182.31017377166938,11,0,11,11,3.0880368567107652,3.0880368567106697,9.5110157123782943e-14,1.0729195309977513e-12,2.1728640164039225e-21,1.2482777676235456e-21
17,28,6,5.4278263836587643e-18,2.0779660143197896e-16,3.6963508549528065e-10,1.3899316542816296e-19,2.7625340372109518e-22,0.61411611108010289,170.8991271043501,6,0,6,6,6.7593464677890251,6.7593464677889621,6.2254059781206614e-14,4.3343106881366111e-13,6.9872619483660963e-22,9.2526539583355732e-22
17,29,2,1.1107456702207127e-16,2.0779660143197896e-16,3.8065104841827133e-10,1.1987995209005619e-19,7.2059312872871972e-22,4.0711934958221496,159.93436042973613,2,0,2,2,24.219509044916499,24.219509044916769,-2.6800783814451279e-13,3.979039320256561e-13,6.2516605600747738e-22,1.2503321120149546e-21
18,19,389,7.6443494521399368e-16,2.0392610357641323e-16,6.1446056463074591e-08,1.9108112240464052e-17,3.2202186562179316e-23,0.1664800158128798,5.1846198474304952,389,0,389,389,0.078408844291167859,0.078408844291166957,8.4421882944323534e-16,2.4191759706582161e-13,5.3747143842304517e-20,3.22290572206553e-20
18,20,233,4.0993802947880312e-16,2.0392610357641323e-16,7.3125003809702826e-09,1.9009213356641399e-18,8.9150082932238797e-23,0.21926998792522223,11.055723303647996,233,0,233,233,0.15920058866198597,0.15920058866199049,-4.5285023228257957e-15,2.0772272790736679e-13,2.0815208388125485e-20,1.5318372585039254e-20
18,21,153,1.8339592988753062e-16,2.0392610357641323e-16,1.8628692271010735e-09,4.80269020946072e-19,4.137166075183276e-22,0.27020304561045627,18.067456970595238,153,0,153,153,0.21866487667180001,0.21866487667179521,4.5699653484810235e-15,3.1863400806741993e-13,1.7287268952021815e-20,7.5212873995220121e-21
18,22,104,1.112625974127302e-16,2.0392610357641323e-16,6.9444757541924178e-10,1.7778096768744462e-19,1.9099204589379579e-22,0.25451746523771634,35.134834613003108,104,0,104,104,0.26428782813226309,0.26428782813225499,8.1415422316996487e-15,4.2676973066591017e-13,9.0329438031884493e-21,5.961056284152963e-21
18,23,76,6.8429870350972607e-17,2.0392610357641323e-16,3.6240869275760582e-10,1.4027374732163407e-19,6.6393652377620273e-23,0.28353568104545479,53.202050187048044,76,0,76,76,0.31093790365902269,0.31093790365902757,-4.80648823629112e-15,3.0553337637684308e-13,6.7525915484754711e-21,3.5623297053659082e-21
18,24,60,3.7133178815884609e-17,2.0392610357641323e-16,2.6078082576777447e-10,8.0250585347913737e-20,2.6656175980632696e-22,0.27812476953374621,80.162485893119879,60,0,60,60,0.25535888305710924,0.25535888305710369,5.526792854389691e-15,6.3860028376439004e-13,7.8648339098324009e-21,4.3744528091579711e-21
18,25,43,3.8897485104145932e-17,2.0392610357641323e-16,2.8765397342419913e-10,7.7790132491914441e-20,3.035447894997611e-22,0.2791842121610939,98.966375214805652,43,0,43,43,0.28818713903843668,0.28818713903844745,-1.0838682720976968e-14,1.9673151996357774e-13,3.0854263719170159e-21,3.2087486209533631e-21
18,26,27,1.4203020093355035e-17,2.0392610357641323e-16,3.2110562397498905e-10,8.4592647263898676e-20,2.476647090195286e-22,0.38614194735575347,109.15640376816373,27,0,27,27,0.3239757904325089,0.32397579043253083,-2.1831561201967548e-14,2.078337502098293e-13,3.702929524792601e-21,2.0328578371489875e-21
18,27,21,1.1222750269396355e-16,2.0392610357641323e-16,3.6417468692284981e-10,1.0491381578619562e-19,2.0307469134818206e-22,0.46309779694882669,116.1749766129219,21,0,21,21,0.31353367408249266,0.31353367408249477,-2.050809712196236e-15,1.3589129821411916e-13,2.7575060512141912e-21,1.7629167015658854e-21
18,28,13,1.117467760328533e-16,2.0392610357641323e-16,3.5557407798585457e-10,1.1741132335599906e-19,1.5677322785135851e-22,0.64641389845094321,127.51056553322813,13,0,13,13,0.37301540262017918,0.37301540262016003,1.9152848377792007e-14,2.3159252293680765e-13,2.4385989889884443e-21,1.1043046698824424e-21
18,29,3,1.113051869763996e-16,2.0392610357641323e-16,3.288632074095232e-10,1.1168929379752643e-19,1.9574468042316051e-22,0.56830243334030883,197.86365016367134,3,0,3,3,0.31642850153318436,0.31642850153318386,5.1694759584108851e-16,2.4310414792338975e-14,1.1744051882364473e-21,5.8720259411822357e-22
19,20,384,1.4345895121622257e-15,2.3132380368857558e-16,3.6742485492331354e-08,1.8453103102951136e-17,6.6038093044026125e-23,0.13534967297425893,6.0361792534177923,384,0,384,384,0.064035083553071706,0.064035083553074565,-2.9267437804011161e-15,1.7824630660356888e-13,7.0013966219306308e-20,2.3506855571078853e-20
19,21,245,3.9170743947070488e-16,2.3132380368857558e-16,5.2492445436362057e-09,1.8698291665611611e-18,2.3558355856893777e-22,0.18784345307186004,13.763659882496617,245,0,245,245,0.13249494615393695,0.13249494615393931,-2.3384017509226505e-15,2.2704060853584451e-13,1.7793834025450784e-20,1.3608704815519309e-20
19,22,158,1.6874022473390552e-16,2.3132380368857558e-16,1.4347434031426382e-09,5.6547262486969743e-19,2.4430578708377531e-23,0.24268069389567293,24.316763040779986,158,0,158,158,0.18489461946757094,0.1848946194675726,-1.660184957247158e-15,2.9776181520446698e-13,1.1095613270156545e-20,1.0730738683360021e-20
19,23,117,6.5698985892808883e-17,2.3132380368857558e-16,5.7709686275160915e-10,2.0534628966909207e-19,3.4298491603131016e-22,0.26177535738022323,34.133015319994932,117,0,117,117,0.22902626887638997,0.22902626887638705,2.9421735414685774e-15,4.0634162701280729e-13,9.3645589078989606e-21,6.2810314987264917e-21
19,24,89,2.2660000302273708e-16,2.3132380368857558e-16,4.7411712640079131e-10,1.2817168977755229e-19,1.1514400200098805e-22,0.29464734589749603,45.599682072524075,89,0,89,89,0.25034835895316587,0.25034835895316276,3.081376884689783e-15,4.3298697960381105e-13,1.1253853016567739e-20,3.6340817396031623e-21
19,25,64,1.5242425092106675e-18,2.3132380368857558e-16,4.9824787180995207e-10,1.1384333870823027e-19,1.3303122560266433e-22,0.37569298720562933,65.118211561140043,64,0,64,64,0.28941224881765021,0.28941224881766914,-1.8685119064791502e-14,4.7251091928046662e-13,8.1947414911576545e-21,4.0632965942877565e-21
19,26,41,1.1142523073334419e-16,2.3132380368857558e-16,4.1997139895230067e-10,9.250707961742773e-20,2.5081717442558495e-22,0.28749457688956626,79.885487426209679,41,0,41,41,0.34610886640128646,0.34610886640131266,-2.63559375472123e-14,2.0317081350640365e-13,4.2204457390460785e-21,2.6473134400611816e-21
19,27,26,3.3747191311566668e-18,2.3132380368857558e-16,3.5876699450663282e-10,8.7878755513853259e-20,2.7009819802154437e-22,0.32441684157753325,94.785135377597442,26,0,26,26,0.2499527298364301,0.24995272983643566,-5.5937326085211743e-15,1.0139111772389242e-13,3.0962927507543149e-21,1.5818187460897527e-21
19,28,17,1.1105750508074889e-16,2.3132380368857558e-16,3.579094080219107e-10,1.0265691317060801e-19,4.7504626858945826e-23,0.29565197030828949,112.31267444982535,17,0,17,17,0.18617723419140628,0.18617723419141982,-1.3581813370045591e-14,1.1318723736053471e-13,2.4194378868440488e-21,1.3150187213584478e-21
19,29,5,8.189526493232801e-18,2.3132380368857558e-16,3.1460999060719913e-10,9.6272475900668052e-20,7.5230075519644688e-23,0.32121372461144476,118.45499116530419,5,0,5,5,0.28621792731930301,0.2862179273193074,-4.3940856507584168e-15,1.2068124277675452e-13,2.5390695952557747e-21,1.2695347976278879e-21
19,30,2,1.110514302798622e-16,2.3132380368857558e-16,3.092839020089266e-10,8.4073863825565186e-20,2.2045231466978186e-22,0.36836156967130101,94.489856562080234,2,0,2,2,0.14730575487229394,0.14730575487227726,1.6681100944992977e-14,4.1855408028368402e-14,1.5766326587833245e-21,6.3065306351333018e-22
20,21,410,8.2711712053898965e-16,1.1974084451970272e-16,3.6614022063496223e-08,1.8899850906129912e-17,5.7373351780390329e-23,0.12414927054011446,7.2872895845646459,410,0,410,410,0.057942874620004498,0.057942874620004504,-9.2557640146422525e-18,1.5698553568199713e-13,3.8082717210211462e-20,2.8655052620568066e-20
20,22,260,4.5083435921957702e-16,1.1974084451970272e-16,1.0833511390559109e-08,2.1497464013431981e-18,6.0686091444742545e-22,0.17323981178224113,16.975051801042824,260,0,260,260,0.11569040117052513,0.11569040117052642,-1.1916127932462178e-15,2.5801583092288638e-13,2.6433787388598884e-20,1.3322797527631076e-20
20,23,183,1.1256021518370649e-16,1.1974084451970272e-16,3.1574476043123814e-09,5.3307688211392511e-19,7.576469773583053e-23,0.21496140671974701,28.634058176029725,183,0,183,183,0.18770382836467586,0.18770382836467625,-4.1218157592749526e-16,3.5882408155885059e-13,1.5774763115384799e-20,6.7322229674960512e-21
20,24,128,4.9892185085749183e-17,1.1974084451970272e-16,8.7271475639179214e-10,1.9764238594579313e-19,1.5246428937935256e-23,0.22828758620945078,43.82531519615361,128,0,128,128,0.2697240579917054,0.26972405799171317,-7.6612601184681672e-15,4.5696779693571443e-13,1.1694410030158241e-20,5.8724280912324541e-21
20,25,94,6.9589505264840947e-17,1.1974084451970272e-16,7.1464483024479245e-10,1.3405659100724068e-19,5.5225078501894663e-22,0.28523823884316202,62.065503818337447,94,0,94,94,0.32654699047826757,0.32654699047826891,-1.2413558806840143e-15,3.2795988147427124e-13,6.4145627953786174e-21,4.2763751969190788e-21
20,26,59,1.23040345619585e-16,1.1974084451970272e-16,5.3014231669421568e-10,9.4981834622842979e-20,2.247769509926377e-22,0.24426959293045408,70.71272156048154,59,0,59,59,0.43838821002514933,0.43838821002515621,-6.8044816623522138e-15,2.2604140781368187e-13,4.5890026897732251e-21,4.3649390114626265e-21
20,27,40,2.7210022842418035e-17,1.1974084451970272e-16,4.8977504747356719e-10,1.0028262586101796e-19,2.242253203514614e-22,0.29937588406830695,79.142059504388413,40,0,40,40,0.60891615583850844,0.60891615583851899,-1.0448009102846656e-14,1.3411494137471891e-13,3.8403275926659857e-21,2.5444172951188171e-21
20,28,23,2.2628667707140459e-17,1.1974084451970272e-16,3.9411775830526867e-10,9.697488441099068e-20,2.833164131081659e-22,0.2694629573979696,102.37628480265646,23,0,23,23,0.83005734275812615,0.83005734275811593,1.0240114514753183e-14,2.0272672429655358e-13,3.2349416716170757e-21,1.8328575354548221e-21
20,29,8,1.1117831771682773e-16,1.1974084451970272e-16,3.1377317045355306e-10,8.2924274428878243e-20,4.5295791012876735e-23,0.43976655169997381,106.05101286588756,8,0,8,8,2.6784368887848382,2.678436888784808,2.9557953307168816e-14,5.4178883601707639e-13,2.7759956002538819e-21,2.3458773011490502e-21
20,30,2,2.2256369569135729e-16,1.1974084451970272e-16,2.8005770093473943e-10,6.9815320529328309e-20,1.3584334127816845e-22,0.44458086190565815,87.921060209909712,2,0,2,2,0.21083316130459565,0.21083316130465479,-5.9147131636905215e-14,1.0103029524088925e-13,7.090957641543006e-22,7.090957641543006e-22
21,22,418,4.4681423083400247e-16,2.0705840331924866e-16,2.2753686897831009e-07,1.9031599333613214e-17,3.8936250136786429e-23,0.12531926269641808,8.1609570290139892,418,0,418,418,0.055252435166043862,0.055252435166045666,-1.7231540545765243e-15,2.6023627697213669e-13,5.2991785305873913e-20,3.3908403924095953e-20
21,23,275,1.8276207970425941e-16,2.0705840331924866e-16,3.0955184727544558e-08,2.0748023416734114e-18,4.7343990530126043e-23,0.16980180263156663,17.063341839178619,275,0,275,275,0.11634271024813861,0.11634271024813836,8.899789961376013e-17,2.2903900998016979e-13,2.6421732483771556e-20,2.239810945917497e-20
21,24,188,1.2791094093290631e-16,2.0705840331924866e-16,4.3358291088158354e-09,6.4220511554660266e-19,3.5366031298378122e-23,0.21297551098040801,31.633364450581006,188,0,188,188,0.16142832449638739,0.16142832449638622,1.2045926278061919e-15,2.1749269052406817e-13,1.4372591803184407e-20,9.0921222814866587e-21
21,25,137,1.1133271921175133e-16,2.0705840331924866e-16,1.6181403845152175e-09,2.3820591142746439e-19,1.5648660804872795e-22,0.25326381198565651,45.778471048136325,137,0,137,137,0.19946602706385477,0.19946602706385599,-1.2226308388187752e-15,2.922107000813412e-13,1.6405219068253201e-20,1.0383897655962231e-20
21,26,88,1.2027801165287493e-16,2.0705840331924866e-16,1.0811436771721839e-09,1.5149549611661096e-19,2.2121740399484473e-22,0.2950684037950918,51.889250784836037,88,0,88,88,0.25555080284321102,0.25555080284320481,6.1250477075263515e-15,5.1514348342607263e-13,1.0880445811139665e-20,3.9727572741873871e-21
21,27,61,8.7313239075125498e-18,2.0705840331924866e-16,7.4657672974872872e-10,1.2523027935800041e-19,3.7774165282143807e-23,0.2833090262084953,65.768602241084977,61,0,61,61,0.35610773791142569,0.35610773791144212,-1.6467981456804235e-14,4.8760995241536875e-13,5.0691772923644617e-21,2.6785536921837e-21
21,28,36,1.1128462368953878e-16,2.0705840331924866e-16,4.5612779001855975e-10,9.4882274059601344e-20,2.3768200269785701e-22,0.25362391917982985,83.531755708206759,36,0,36,36,0.38017084964412295,0.38017084964413733,-1.4319106093490821e-14,1.7630341631047486e-13,3.7802608525721317e-21,2.9633754535387167e-21
21,29,17,5.4952579999972945e-18,2.0705840331924866e-16,3.9203006457864218e-10,8.78657261656359e-20,1.4109651752213085e-22,0.25934277193773625,85.137551000934209,17,0,17,17,0.55307082266604723,0.55307082266608665,-3.9445014541743506e-14,3.2684965844964609e-13,3.1221711062354505e-21,2.4231016585984856e-21
21,30,7,1.1118825698250405e-16,2.0705840331924866e-16,3.1854220330027595e-10,6.6353636903246602e-20,1.1375544500512832e-22,0.4475326695031755,59.61413934651835,7,0,7,7,0.86890379800668505,0.86890379800673156,-4.6579307871092675e-14,2.0872192862952943e-13,1.575272632693958e-21,1.8213725362136511e-21
21,31,1,2.2218457352357735e-16,2.0705840331924866e-16,2.686118093139116e-10,6.4217299663140452e-20,1.1036129926041305e-22,1.9695645242723476,44.256582006500707,1,0,1,1,3.8791993775853686,3.8791993775854419,-7.3274719625260332e-14,7.3274719625260332e-14,8.9736719805595145e-22,0
21,32,1,1.1124623838270835e-16,2.0705840331924866e-16,2.5621405009573363e-10,7.2911570596129498e-20,3.9358192492120891e-22,2.0185737732234528,39.410701333883075,1,0,1,1,4.0746604713192784,4.0746604713195067,-2.2826185386293218e-13,2.2826185386293218e-13,9.2091369283568409e-22,4.6045684641784214e-22
22,23,438,3.5052493040331074e-15,1.5909228020616091e-16,1.8186358702735131e-07,1.9317247627753199e-17,5.6314294155471496e-23,0.11694040968062855,7.573882405965489,438,0,438,438,0.049446347081106672,0.049446347081105547,1.1395370555319324e-15,1.5068502001724937e-13,6.3635990746919865e-20,3.5176216624801031e-20
22,24,297,6.9067726421719983e-16,1.5909228020616091e-16,1.2828550107278356e-08,2.195268090023062e-18,1.1073356725229496e-23,0.19308122490368981,15.164912723055307,297,0,297,297,0.10860243934088896,0.10860243934088951,-5.0280468101685793e-16,1.645350522494482e-13,2.4114712522083018e-20,1.8547683952524614e-20
22,25,208,2.31876701994839e-16,1.5909228020616091e-16,6.2075812214392606e-09,6.6246193314396337e-19,9.4258342814265487e-23,0.22984077331614303,25.443744875672138,208,0,208,208,0.15037296286600355,0.1503729628660089,-5.3918036026530606e-15,2.3181456754173269e-13,1.3051998881361847e-20,9.8431886508760049e-21
22,26,136,1.8059414430030198e-16,1.5909228020616091e-16,3.0250337830576617e-09,3.1360384147891598e-19,1.5171578362165307e-22,0.24340328218065815,31.886669936278135,136,0,136,136,0.20457426880395788,0.20457426880395946,-1.4470991066160549e-15,1.4982459717316488e-13,7.929045476241552e-21,1.4425608873394087e-20
22,27,91,1.5415233580549601e-16,1.5909228020616091e-16,1.1621189912830936e-09,1.5666726888204745e-19,1.2327364910472351e-22,0.30156033570324681,36.31050202949023,91,0,91,91,0.27941915343371232,0.279419153433697,1.526024863651141e-14,3.1308289294429414e-13,6.861925340769596e-21,5.1877355776424262e-21
22,28,51,6.6987330862763877e-17,1.5909228020616091e-16,6.173610455406917e-10,1.0718005641110429e-19,1.8907399437609907e-22,0.3675201564017736,40.430341986358087,51,0,51,51,0.35124583806591242,0.35124583806594006,-2.7673759806395206e-14,2.4713564528155985e-13,6.2620866007266894e-21,3.8098960910805223e-21
22,29,28,1.2360746812506877e-16,1.5909228020616091e-16,4.7065039519267769e-10,8.7685357301107209e-20,1.178097280270663e-24,0.31694564765276034,41.463013540863642,28,0,28,28,0.38817717574463462,0.38817717574463517,-5.9271396694474516e-16,2.0417001422856629e-13,5.6382330485074619e-21,2.7576559436858999e-21
22,30,15,3.1989837830479349e-17,1.5909228020616091e-16,3.4664594310166177e-10,5.8299957935585259e-20,1.6700980843292071e-22,0.46105644740360802,32.84002959948559,15,0,15,15,0.59091861978651616,0.59091861978650972,6.5569348995514479e-15,1.3611334281904419e-13,2.9388424377411792e-21,2.1011713149007844e-21
22,31,7,2.2304400259981057e-16,1.5909228020616091e-16,3.4142824071990536e-10,5.6783987068675775e-20,2.1691356535477237e-22,0.48200976952646446,31.676486439643792,7,0,7,7,0.9874937681940994,0.9874937681940954,4.1602308775502895e-15,1.8518520050747611e-13,3.0206783050779202e-21,2.3688083215315562e-21
22,32,4,1.1292399424537935e-16,1.5909228020616091e-16,2.8770405798737257e-10,6.4443792153456332e-20,2.7180080413392266e-22,1.1281899202534813,29.870407559154103,4,0,4,4,2.22035364147141,2.2203536414714833,-7.3469008654569734e-14,1.7497114868092467e-13,2.3943887579348728e-21,5.0842356369832618e-22
23,24,440,8.3421316977870906e-17,7.7907334236107471e-17,1.2730134807289963e-07,1.9907495144112137e-17,5.3745133788551803e-23,0.13164959107188268,7.1388475216725134,440,0,440,440,0.049721250751777066,0.049721250751779224,-2.1684126195745089e-15,1.6253665080512292e-13,7.1983310006656588e-20,3.6994127201557035e-20
23,25,285,4.798148710624367e-16,7.7907334236107471e-17,3.4578585630562221e-08,2.2670686174460965e-18,3.0356436165654294e-22,0.20645086956840747,13.323946936731149,285,0,285,285,0.10827729750199043,0.10827729750199404,-3.669998903495413e-15,2.4247270857813419e-13,2.593067874701195e-20,2.0553010400756647e-20
23,26,186,2.4370959668398512e-17,7.7907334236107471e-17,1.0098199329324639e-08,7.2818230390610671e-19,7.4388469026829682e-23,0.23899119221826798,18.326937493125925,186,0,186,186,0.18472320040658549,0.18472320040658902,-3.5535547073771048e-15,2.5135449277513544e-13,1.0355393732022432e-20,7.2864827567723519e-21
23,27,127,1.3224993059742499e-16,7.7907334236107471e-17,2.5726765307538125e-09,2.8072355806811394e-19,7.5565058619115758e-23,0.28087456602848632,23.968215041709971,127,0,127,127,0.22242810773436417,0.22242810773436059,3.4637974270149323e-15,5.3224091800530005e-13,1.4189869671802808e-20,6.1215578387762794e-21
23,28,76,1.232695264767925e-16,7.7907334236107471e-17,1.3692608448486442e-09,2.0081264511144939e-19,2.1350576585149111e-22,0.29571358746941628,25.141782178443457,76,0,76,76,0.3087305569782316,0.30873055697823498,-3.4165858547495451e-15,2.8999025403209089e-13,6.4384311907478816e-21,4.3260608107595531e-21
23,29,42,2.2519882696889689e-16,7.7907334236107471e-17,6.629437572087518e-10,1.0245632802127455e-19,4.8903258466002069e-22,0.31519851148609057,26.185010001777229,42,0,42,42,0.32259187650630994,0.32259187650631699,-7.0557941310048615e-15,3.5060843117662444e-13,7.5612915580021622e-21,3.9018975633260129e-21
23,30,24,1.5977538141345672e-17,7.7907334236107471e-17,4.8770691991586725e-10,6.4060404674723598e-20,2.4449628964833892e-22,0.37794560742275618,24.066786926424871,24,0,24,24,0.4202811470472631,0.42028114704729252,-2.9356222811073467e-14,1.9884094371036554e-13,5.3753131549104015e-21,2.3311468165895873e-21
23,31,10,7.2381521928712737e-18,7.7907334236107471e-17,4.7651207197946798e-10,5.2729986190460351e-20,4.5055481550128012e-22,0.32234587861366626,21.932152327092908,10,0,10,10,0.55681608750942924,0.55681608750944256,-1.3266514622967129e-14,1.1501910535116622e-13,4.9546795447246199e-21,2.0309646214934934e-21
23,32,5,1.6263441774258294e-17,7.7907334236107471e-17,4.7029193003159453e-10,6.1935556277615142e-20,1.3886657896459362e-22,0.57251481462992337,23.84523537540715,5,0,5,5,1.3349587147620916,1.3349587147620796,1.2169544614647893e-14,1.6209256159527285e-13,1.019754727580529e-21,1.8347618492996326e-21
23,33,1,1.1220083260654651e-17,7.7907334236107471e-17,3.5415546389082143e-10,7.901840050014138e-20,5.7674587957758942e-22,0.3459977254176016,0.39370724907662408,1,0,1,1,0.11971450063493952,0.11971450063491709,2.2426505097428162e-14,2.2426505097428162e-14,8.1854125219351881e-22,5.4569416812901254e-22
24,25,445,5.6243416641735979e-16,6.8330726542978287e-18,8.9755904274958357e-07,2.2720596566938486e-17,5.1039694046194314e-23,0.12569072491807651,5.7588646333497024,445,0,445,445,0.060833206384999429,0.060833206385001497,-1.987462929249488e-15,2.9731772599461692e-13,5.4333015338203028e-20,3.0635804454731502e-20
24,26,276,1.1402257956905713e-16,6.8330726542978287e-18,4.8685096732850014e-08,2.6622672790538514e-18,1.3933732914590751e-22,0.1806940434910782,11.719063726171385,276,0,276,276,0.12116295294012978,0.1211629529401296,1.5100657713405363e-16,3.2462921240039577e-13,2.7545549757772404e-20,1.6357623953140263e-20
24,27,178,1.2709310970024451e-16,6.8330726542978287e-18,6.6651511790153715e-09,6.7995306617717509e-19,1.8554575658855688e-22,0.22761959597360476,16.499047944631265,178,0,178,178,0.16190026867370452,0.16190026867371279,-8.1664331438094108e-15,2.3359092438113294e-13,1.5390002357744858e-20,8.2769188192824821e-21
24,28,110,9.2649468181394356e-17,6.8330726542978287e-18,2.3681678226216074e-09,3.3292602052460118e-19,5.7920430893189657e-22,0.28188182692725289,19.310423039519357,110,0,110,110,0.27090158290021654,0.27090158290022959,-1.3111941890512548e-14,2.666755705149626e-13,8.6556039972240045e-21,4.7099460671412218e-21
24,29,61,2.2221498558671235e-16,6.8330726542978287e-18,1.0269377504829995e-09,1.4591099564802866e-19,1.2494008160356532e-22,0.25350850562505584,19.13069830194236,61,0,61,61,0.25354243786485314,0.25354243786485375,-3.7269137983974068e-16,1.9539925233402755e-13,6.2512649918078891e-21,5.5861857228943708e-21
24,30,35,2.5898907191461624e-17,6.8330726542978287e-18,7.9479430094170742e-10,8.6353459456152793e-20,2.5783070757317579e-22,0.35769290474300164,17.809061665644801,35,0,35,35,0.31719660681242284,0.31719660681242556,-2.769089521173892e-15,1.8068879725774423e-13,5.2733598199677552e-21,3.0995971137614774e-21
24,31,14,1.1307188831014517e-16,6.8330726542978287e-18,8.9040465907020714e-10,7.0654231521546481e-20,1.1060828332074541e-22,0.36811479453654355,18.53051227943245,14,0,14,14,0.49381453436899186,0.49381453436899708,-5.346590063662932e-15,1.1896039708858552e-13,4.7160656241825837e-21,2.0933226530668264e-21
24,32,5,1.1153489293686638e-16,6.8330726542978287e-18,9.4443147549669039e-10,5.0873202318789965e-20,2.0988561557001712e-22,0.69083608062654367,17.943104235770356,5,0,5,5,1.2886126823769941,1.2886126823770154,-2.1488193169272308e-14,1.4210854715202004e-13,3.7671341506214602e-21,1.6144860645520555e-21
24,33,1,2.2205267841375183e-16,6.8330726542978287e-18,6.278337953673524e-10,6.1601193946228667e-20,6.6906738995121606e-23,0.23954935308425182,6.454398283860237,1,0,1,1,0.057383912121566412,0.057383912121589373,-2.2960799928029019e-14,2.2960799928029019e-14,5.5205955779595335e-22,2.760297788979769e-21
25,26,433,1.0218210105714326e-15,7.4123594955728106e-17,2.309560972922373e-07,2.2952439198810253e-17,6.300915630539903e-23,0.14152216744639137,5.5864018696905466,433,0,433,433,0.056079242308968998,0.056079242308967076,1.9282008472126313e-15,1.5759615834554097e-13,4.4435310974553402e-20,3.3311063962629064e-20
25,27,274,2.3695555527741666e-16,7.4123594955728106e-17,1.7506146288807386e-08,2.6652294707149203e-18,3.1950572000889026e-22,0.18856718680164747,10.25012075235969,274,0,274,274,0.11124278633447401,0.11124278633447406,-5.6247880525349132e-17,2.0161650127192843e-13,1.828792332046513e-20,1.6935063745593625e-20
25,28,164,2.8941513777205058e-17,7.4123594955728106e-17,3.9099309150255111e-09,7.3819659378733678e-19,2.8041335910778857e-22,0.2425835971090671,14.205914337241126,164,0,164,164,0.17389873538192877,0.17389873538192829,4.2511306875470399e-16,2.9198865547641617e-13,2.1695513566816344e-20,1.4624945030235067e-20
25,29,97,4.418233489745447e-17,7.4123594955728106e-17,1.3334868122448912e-09,2.3661252628360412e-19,1.7986072778261677e-22,0.25764162031609078,13.862226681531341,97,0,97,97,0.21720175451111667,0.21720175451111684,-3.6073185921011807e-16,1.9351187319216478e-13,1.0502567126644752e-20,7.6484033359392621e-21
25,30,53,4.3719465509195912e-17,7.4123594955728106e-17,1.0546543287229803e-09,1.3353643741148694e-19,2.0284949958463984e-23,0.30601040419639652,12.60715179129277,53,0,53,53,0.2515585841714934,0.25155858417148391,9.5624282095652467e-15,3.4633407253181758e-13,7.1811227585740976e-21,4.9671188529121722e-21
25,31,23,1.2862593900502685e-16,7.4123594955728106e-17,1.1093275786316784e-09,8.8732011978594624e-20,1.7331386202637669e-22,0.43378150324773002,13.70842911711947,23,0,23,23,0.41651661824558339,0.41651661824562941,-4.6012587987942014e-14,4.4764192352886312e-13,1.1240381803299177e-20,4.6253208127824326e-21
25,32,10,3.464717592498274e-17,7.4123594955728106e-17,2.0966416029996754e-09,5.9279596522543039e-20,1.3971537213630232e-22,0.66534091530542316,5.7057283769012752,10,0,10,10,0.86574304976622296,0.86574304976625593,-3.3034599361547737e-14,1.6830981053317373e-13,4.8244185767651427e-21,2.8946511460590866e-21
25,33,4,1.2668422210091448e-17,7.4123594955728106e-17,6.7976538869671611e-10,5.9218038429200918e-20,2.9906213596119388e-22,0.64313592652806906,9.813492384816918,4,0,4,4,0.69199486597419757,0.69199486597426607,-6.8484280746350379e-14,1.6386891843467311e-13,3.5219890758038292e-21,1.68181264033923e-21
25,34,1,1.1132539419644157e-16,7.4123594955728106e-17,2.9278651973198483e-10,7.5332840455126449e-20,1.3220431344972563e-22,0.83431235103391121,11.065923670701959,1,0,1,1,0.69607768677806503,0.69607768677817128,-1.0624834345662748e-13,1.0624834345662748e-13,3.3281001934504798e-21,0
26,27,425,2.3103606322131713e-16,3.209937112961512e-17,5.201813757628638e-08,2.2381021648703408e-17,1.0350561386313758e-22,0.12804244889747393,4.6558775136983854,425,0,425,425,0.058240719935659553,0.058240719935660323,-7.9833415883737033e-16,1.8429702208777599e-13,4.5512218834917506e-20,3.1858481090240923e-20
26,28,240,1.6748735452197812e-16,3.209937112961512e-17,7.8375489267715456e-09,2.8189741670662742e-18,7.9971042971988206e-23,0.20334960052112624,8.8709963499944902,240,0,240,240,0.13156017044711071,0.13156017044711085,-1.2526655973670418e-16,3.6337599595981374e-13,3.0029667109874024e-20,1.2686435129756255e-20
26,29,142,1.1706996602452423e-16,3.209937112961512e-17,1.8916598319190118e-09,5.53050669463719e-19,1.4761439240324392e-22,0.25478376981810291,9.770630051467176,142,0,142,142,0.16532819220914793,0.16532819220914896,-9.767426069170451e-16,2.2015722578316854e-13,1.7284218936827064e-20,8.3060688279293025e-21
26,30,76,2.6090380001955045e-17,3.209937112961512e-17,1.1772267537987301e-09,2.3737849976848062e-19,3.0520825910324502e-22,0.28138066544584928,8.5193567384413527,76,0,76,76,0.27981921301994561,0.27981921301993784,7.7763655432529222e-15,2.0738966099997924e-13,1.1396094037557645e-20,8.8469248638087706e-21
26,31,39,1.1280472357756242e-16,3.209937112961512e-17,7.8009414097799557e-10,1.1276355238324657e-19,7.1809372879556934e-23,0.26493302709177152,8.1792084243559557,39,0,39,39,0.51391956294958707,0.51391956294959162,-4.4124776615647946e-15,3.8902214782865485e-13,1.1857438472913445e-20,4.6498412096080468e-21
26,32,18,2.6836892420337418e-17,3.209937112961512e-17,6.854984522908343e-10,7.3785043022726301e-20,4.8972927175282971e-22,0.55901500094883394,7.991745212140402,18,0,18,18,0.59196965068061413,0.59196965068061269,1.2389780559532128e-15,1.9051427102567686e-13,4.8838860885684786e-21,3.5764793670394029e-21
26,33,7,2.2267815477555407e-16,3.209937112961512e-17,3.5046880319627966e-10,5.4436610434850663e-20,1.8912840837423764e-22,0.47582427719729292,15.804382677292608,7,0,7,7,0.52035833299967438,0.52035833299965983,1.4492623371228521e-14,1.4499512701604544e-13,2.2848809255246943e-21,2.3957275405830107e-21
26,34,3,1.1228319987787227e-16,3.209937112961512e-17,2.3146112183881994e-10,7.0913787089203955e-20,2.1301330232151573e-23,0.64043409597233791,13.28104253116312,3,0,3,3,0.45750258408679639,0.4575025840867995,-3.1595096909124245e-15,1.7486012637846216e-14,5.1634346103666075e-22,8.7778769865736559e-22
26,35,1,2.6224729541812386e-18,3.209937112961512e-17,1.6665516399039154e-10,9.4782360870916779e-20,1.1856291582515926e-22,0.040182419081166439,27.780970097697374,1,0,1,1,0.0016146266659475854,0.0016146266659344084,1.3176959523519827e-14,1.3176959523519827e-14,2.1502499579495214e-21,0
26,36,1,1.110439788944425e-16,3.209937112961512e-17,2.0625912259122273e-10,1.2629011204136293e-19,1.305853986678944e-22,0.033407964451685548,10.213030925365862,1,0,1,1,0.0011160919925088304,0.0011160919925065379,2.2924370735033506e-15,2.2924370735033506e-15,1.1209553046922862e-21,0
27,28,379,6.2566926979605185e-16,3.5651762655087953e-17,1.7868110332616948e-08,1.8353452099290381e-17,5.8515014278948832e-23,0.14418432129911174,4.0144154040489664,379,0,379,379,0.066959493806294068,0.066959493806293471,4.7367989485562658e-16,3.8635761256955448e-13,5.0158017299417784e-20,3.5552387470725793e-20
27,29,207,4.6052334218648073e-17,3.5651762655087953e-17,3.3326754279784618e-09,1.94830650456269e-18,3.0576832112295422e-22,0.22010514830171155,5.9896718229217027,207,0,207,207,0.14737930125415535,0.14737930125415605,-8.1391350481058405e-16,2.5668356329333619e-13,2.2794300981957919e-20,1.5260604945101958e-20
27,30,103,6.4192978897013555e-17,3.5651762655087953e-17,1.1799691243953317e-09,4.939804265982475e-19,4.1237759428592227e-23,0.23849897786179952,6.4053154358332112,103,0,103,103,0.28944822140970011,0.28944822140970761,-7.5204469230130313e-15,3.2507330161024584e-13,1.1687834091701269e-20,1.0291701691926213e-20
27,31,53,4.4715985614047632e-17,3.5651762655087953e-17,5.3546128446942192e-10,1.835997860208487e-19,2.9401142673289972e-22,0.26790824973988536,9.4917745380062666,53,0,53,53,0.68027348102473451,0.68027348102474161,-7.1009371240753307e-15,2.7489122089718876e-13,1.0850671886212491e-20,5.5053929129129911e-21
27,32,26,2.8938919396765479e-17,3.5651762655087953e-17,3.622800556260381e-10,1.0068125249385946e-19,3.790382733171537e-22,0.43434354227270366,13.871748375758049,26,0,26,26,0.48428484507035091,0.48428484507037495,-2.4101664174051957e-14,2.7489122089718876e-13,7.0301571277523132e-21,5.3335974563654053e-21
27,33,11,2.9687652940075188e-17,3.5651762655087953e-17,2.4715816672967653e-10,7.4554158104445251e-20,2.0114446616981902e-22,0.46967138063993863,19.049943020933704,11,0,11,11,0.49952283585416296,0.49952283585418827,-2.5280913726080909e-14,2.1360690993788012e-13,4.5314933810452908e-21,2.6737136487495185e-21
27,34,3,2.4657180339867963e-17,3.5651762655087953e-17,1.1279789867895495e-10,7.6203089481281141e-20,5.2633769285041846e-22,0.59630529322464121,14.862531767274847,3,0,3,3,0.73869470828874173,0.73869470828871842,2.3490468829360605e-14,8.5931262105987116e-14,2.1526974087905233e-21,4.4218894374011351e-22
27,35,1,4.8545527817748627e-18,3.5651762655087953e-17,1.3026723521502303e-10,8.9722056091361565e-20,1.1752666829736126e-22,0.0074118432878967581,9.4026539851550535,1,0,1,1,5.4935421630165435e-05,5.4935421630346361e-05,-1.8092623753351855e-16,1.8092623753351855e-16,0,0
27,36,1,1.1173854867743262e-16,3.5651762655087953e-17,1.7244466390950637e-10,1.1202937530522404e-19,3.2402006278939239e-23,0.018283229283452648,8.0049422380309938,1,0,1,1,0.00033427648598417391,0.0003342764859843232,-1.4929463915125396e-16,1.4929463915125396e-16,5.6612707817731289e-22,5.6612707817731289e-22
28,29,335,7.2826121119067904e-16,3.2121670432303418e-17,4.4827858093629135e-09,1.9140321059367577e-17,2.237675744229411e-22,0.1424794440036932,3.1568309927051397,335,0,335,335,0.076282541059107048,0.076282541059106507,6.1546232030728255e-16,1.620370504440416e-13,5.2367140367701437e-20,2.9204302460643549e-20
28,30,167,1.2727635240185649e-16,3.2121670432303418e-17,9.7639539088094239e-10,1.9621268297142344e-18,3.954525420341386e-22,0.24195902902488423,4.824088820305712,167,0,167,167,0.22606263257402334,0.22606263257402831,-4.7252724387383621e-15,2.5257573810222311e-13,2.2761484529748937e-20,2.092559807819352e-20
28,31,79,1.9219529727980425e-16,3.2121670432303418e-17,3.7884007000006908e-10,5.0575225514692186e-19,6.9429481068790254e-23,0.30416511926227391,7.9682463508149768,79,0,79,79,0.4934806352903407,0.49348063529034664,-5.5203440244424404e-15,4.5119463720766362e-13,1.6590802557459022e-20,7.894721549972832e-21
28,32,39,7.1724146749505126e-17,3.2121670432303418e-17,1.6973899380857105e-10,1.7965644765984018e-19,1.3639993824322882e-22,0.4825585838159574,12.277070969253899,39,0,39,39,0.37119229507670054,0.37119229507671342,-1.3022509364038126e-14,1.312283615106935e-13,8.458714633767188e-21,5.3349333023384827e-21
28,33,16,1.1116153274888353e-16,3.2121670432303418e-17,1.1412577564559247e-10,1.096470957106374e-19,2.8664871320571598e-22,0.46617503868355059,14.703806940094598,16,0,16,16,0.4032500850601054,0.40325008506010579,-5.627009275199768e-16,2.0750068330244176e-13,6.4292726376075888e-21,3.7225511054969539e-21
28,34,5,1.2898565666752872e-17,3.2121670432303418e-17,1.3830801149800996e-10,9.6741165056517285e-20,2.1323128274561751e-22,0.35133108027296756,7.7853663463813776,5,0,5,5,0.527677529027336,0.52767752902735499,-1.8895301989729773e-14,8.7152507433074788e-14,4.0025174899023215e-21,4.0023163767753924e-21
28,35,3,1.1105051044729918e-16,3.2121670432303418e-17,1.2305873268453833e-10,9.518429575549452e-20,5.8055953082128039e-22,0.35306475852953578,9.0368910111035259,3,0,3,3,0.14785224161330501,0.14785224161331248,-7.4792602666740038e-15,4.0800696154974503e-14,1.1038734906439271e-21,2.0536774438759879e-21
28,36,2,7.7616090005448847e-18,3.2121670432303418e-17,1.6577080140365582e-10,9.7453377441823958e-20,1.5323700468529162e-22,0.20678537585295345,14.388537012226845,2,0,2,2,0.0645673449220137,0.064567344922021916,-8.2230229569990598e-15,1.0241807402167069e-14,1.5818713503962393e-21,5.7546463320140466e-22
29,30,291,5.7653855719740061e-16,3.683733825590662e-17,7.4839532783168708e-09,1.9638980792181075e-17,1.3346126786229959e-22,0.18020102854806946,2.8510447630181881,291,0,291,291,0.087262352143655061,0.087262352143656033,-9.9795461462697483e-16,2.304822999121825e-13,6.6535362056575375e-20,3.0065251286918743e-20
29,31,122,1.2068589441152968e-16,3.683733825590662e-17,1.1431531390655695e-09,2.1611448964620759e-18,2.9564314682964669e-22,0.26049896023853814,6.1542475702259427,122,0,122,122,0.20145651589152569,0.20145651589152977,-4.1852239305884294e-15,1.574296248918472e-13,2.0000474337733793e-20,1.5536267479737799e-20
29,32,60,3.973201168022145e-17,3.683733825590662e-17,4.579643659702371e-10,5.5951369851616323e-19,5.0839775199193712e-23,0.34820721242787012,9.3881304348255554,60,0,60,60,0.34277402074539715,0.34277402074539887,-1.5505602738009246e-15,1.6697754290362354e-13,9.977696661097725e-21,9.5634114827025852e-21
29,33,27,4.0122485126804092e-17,3.683733825590662e-17,2.5461358197080758e-10,2.1620283609146371e-19,3.7253366911103574e-22,0.38961652390912815,10.97298073898944,27,0,27,27,0.40643016749045563,0.40643016749045935,-3.5690971782958373e-15,2.9265478929119126e-13,9.7816646867817647e-21,7.137608898756758e-21
29,34,10,3.6161047415240712e-17,3.683733825590662e-17,3.4942790401892355e-10,1.7401188863644776e-19,4.8547103414468539e-22,0.24237197628413351,8.5658663961219617,10,0,10,10,0.43948127479553245,0.43948127479556875,-3.6323282706293705e-14,3.439470930288735e-13,1.064165431878819e-20,4.3365281191036856e-21
29,35,7,1.1196725350555153e-16,3.683733825590662e-17,2.03694487150387e-10,1.0937253340632273e-19,2.3906253564111397e-22,0.3989402181458529,9.4735467029650859,7,0,7,7,0.37979127242958943,0.37979127242957311,1.6188439477815564e-14,1.1612932837579137e-13,6.7723282987434169e-21,3.1212806738561132e-21
29,36,6,1.1267907110341885e-16,3.683733825590662e-17,1.882429294221481e-10,9.5334101771673214e-20,2.895084944650444e-23,0.60796797147163084,9.7914743269414952,6,0,6,6,0.58976939970115227,0.58976939970117881,-2.6392661204669803e-14,8.3488771451811772e-14,3.5305173580289534e-21,9.332948900775749e-22
30,31,249,3.8878614724324545e-16,4.7979283145922266e-17,3.8077780426474347e-08,1.9873488394979858e-17,6.5868147311288572e-23,0.18051096089553492,3.4190724067943119,249,0,249,249,0.10192464740012631,0.10192464740012365,2.6800928323034514e-15,2.9176661087149114e-13,8.9347129527373738e-20,3.2122565471534879e-20
30,32,126,2.7419136588579961e-16,4.7979283145922266e-17,8.5944538790632611e-09,2.1265413308475551e-18,7.991506959869826e-23,0.30084434679544458,6.9886411339899652,126,0,126,126,0.22374600085098742,0.2237460008509948,-7.361519668610471e-15,2.1738166822160565e-13,3.2336786040106788e-20,1.6470872505557049e-20
30,33,62,1.4144672663112457e-16,4.7979283145922266e-17,2.3602466000323057e-09,5.6817796934278478e-19,1.8997209314258893e-22,0.34287273429333942,10.370008299589898,62,0,62,62,0.24641884215165866,0.24641884215165785,7.3516601632515488e-16,2.5168755968252299e-13,1.4219541987990345e-20,7.2596425171736541e-21
30,34,31,2.3053299589675205e-16,4.7979283145922266e-17,7.7225290333533553e-10,2.9737766024011222e-19,2.3645151373276083e-22,0.33904041613064612,6.4048557442443936,31,0,31,31,0.32674990722845271,0.32674990722845759,-4.8255460447403058e-15,4.4642067820177544e-13,1.2488145809999447e-20,4.6686884029233046e-21
30,35,25,3.8564583799900511e-17,4.7979283145922266e-17,2.4790106899012409e-10,1.7321152150608522e-19,2.0187234814158389e-22,0.20212764232867544,7.9731026501377285,25,0,25,25,0.30691570435039184,0.30691570435039789,-6.0213162580979858e-15,1.7275070263167436e-13,6.9704546627321474e-21,3.8582263471503426e-21
30,36,20,1.1148939114770017e-16,4.7979283145922266e-17,2.7897201850152403e-10,1.1546278481015334e-19,2.3370515431653059e-22,0.35217100159740305,12.10433305170282,20,0,20,20,0.47058614838044621,0.47058614838046664,-2.0496664871545896e-14,3.2807090377673376e-13,5.1200093002120576e-21,2.8945882811136762e-21
31,32,276,1.7623300269943545e-15,1.7760284393631896e-16,2.1128521169183616e-07,1.9802348810541717e-17,5.8099285039358841e-23,0.20271371468959132,3.3843731973460081,276,0,276,276,0.11298479393028293,0.1129847939302836,-6.282831290159508e-16,2.1543877792851163e-13,5.391504633129706e-20,4.1627995586898301e-20
31,33,139,4.8809275630776149e-16,1.7760284393631896e-16,2.3938148023733933e-08,2.2605844325240741e-18,1.496559394314771e-25,0.28885582476495125,5.5905383886613391,139,0,139,139,0.19809406705045049,0.19809406705045762,-7.1503737289129311e-15,2.6201263381153694e-13,3.1812189055532858e-20,1.4990793369009686e-20
31,34,83,1.9675823280912926e-16,1.7760284393631896e-16,5.3096204536666706e-09,8.4607777715427345e-19,3.8649299289812045e-22,0.27937416579029911,6.9236870487036235,83,0,83,83,0.22558091083668189,0.2255809108366747,7.3081196068810051e-15,2.9531932455029164e-13,1.3757800748743108e-20,1.3846944675994942e-20
31,35,63,1.4718027352668773e-16,1.7760284393631896e-16,1.304541159443204e-09,3.8387854789480377e-19,2.0194629055374829e-22,0.27113767864150229,9.661533731880553,63,0,63,63,0.24119545690137148,0.24119545690137684,-5.2387424944665951e-15,1.9406698470447736e-13,9.7743189296208345e-21,5.9251199211667734e-21
31,36,46,1.228009896706374e-16,1.7760284393631896e-16,4.3192089218622877e-10,1.8361391999266314e-19,9.7970701680992889e-24,0.32871941296087592,11.564098205207287,46,0,46,46,0.20964634685806388,0.20964634685807149,-7.7321339246775363e-15,1.4677148385544569e-13,6.0617782962253951e-21,4.1185939160075817e-21
32,33,298,9.5487756198101777e-16,2.3585156014419607e-18,4.6338138856687443e-07,2.1577487664316205e-17,1.3249052011142708e-22,0.19089150650885361,2.6369655842862278,298,0,298,298,0.090421664745060942,0.090421664745059638,1.4199207682215467e-15,1.8041124150158794e-13,5.5781258373015068e-20,3.7092596606452027e-20
32,34,168,3.1741200278478574e-16,2.3585156014419607e-18,1.9450641924559737e-08,2.8755453934007906e-18,6.0693603889212655e-22,0.26014775623869102,4.7771688208607905,168,0,168,168,0.19097902863477406,0.19097902863477217,1.8676479933753041e-15,2.34035013590983e-13,2.2882854669204165e-20,1.5113900141891462e-20
32,35,123,3.1975904708356997e-17,2.3585156014419607e-18,2.5833982263154523e-09,7.6484110433666278e-19,8.2281622603825309e-23,0.24924181027079872,7.641884824495623,123,0,123,123,0.36472280490656322,0.36472280490657144,-8.3000454395961487e-15,3.0553337637684308e-13,1.4802107482945262e-20,7.7935519642672071e-21
32,36,89,1.2903921724995666e-17,2.3585156014419607e-18,1.0252224415195269e-09,3.7216321512076084e-19,4.8182163690179787e-22,0.26094543142971743,10.484396894761339,89,0,89,89,0.22330928914247505,0.22330928914248396,-8.990270045027379e-15,3.4550140526334872e-13,1.0641508259822723e-20,7.4351241207301318e-21
33,34,334,1.842462975787409e-16,2.7287443895981977e-17,8.8769144850979312e-08,2.4177580695302766e-17,1.8273639928858832e-22,0.16233986852575721,2.7543627000687585,334,0,334,334,0.077708011722948889,0.077708011722947959,9.1809971717839001e-16,3.6248781754011361e-13,6.0605185625595058e-20,3.4662305407887108e-20
33,35,216,1.1876906556813979e-16,2.7287443895981977e-17,7.4117938654115081e-09,2.5394224188427723e-18,2.1111274737181674e-23,0.23605090326001951,5.9193836695216815,216,0,216,216,0.16996220753334554,0.16996220753334756,-1.9876643213566262e-15,3.1530333899354446e-13,2.2404190155123117e-20,1.3914253545765534e-20
33,36,142,1.1137030072031539e-16,2.7287443895981977e-17,1.7917610553452874e-09,7.0293918680991779e-19,1.7009775111932988e-22,0.26744833086303993,9.8894213988088318,142,0,142,142,0.33483171297805142,0.33483171297805653,-5.0787963929009984e-15,1.9834134334928422e-13,1.655924687432577e-20,1.092247751591166e-20
34,35,392,3.6799705597854957e-15,1.9797142481967545e-16,3.2802344533428516e-08,2.115797872540873e-17,1.1116017477812781e-22,0.15429090500721879,3.3245443157394021,392,0,392,392,0.077263029512947348,0.077263029512947931,-5.8044212537633135e-16,1.2467804566540508e-13,6.002280957893794e-20,4.3693108279924515e-20
34,36,240,7.411105376746204e-16,1.9797142481967545e-16,5.1160746014036758e-09,2.4692643882690405e-18,1.2005093171741224e-22,0.19895879136335931,7.5093451700207963,240,0,240,240,0.18316398743284718,0.18316398743284512,2.0371538122317487e-15,2.3225865675158275e-13,2.9503614533579179e-20,2.6061144365005068e-20
35,36,381,1.5772553940288434e-15,4.7752700375489305e-17,2.9154420251902009e-08,2.1614381987311413e-17,1.7106368964042002e-22,0.136797963559673,4.1168148046034991,381,0,381,381,0.064512142518708696,0.064512142518709806,-1.1036431179538336e-15,1.8240964294591322e-13,5.9168259638039506e-20,4.5281707388066016e-20
