suite,parameter,parameter_value,replicate,expected_path,status,certified,fallback_required,passed,a_raw,b_raw,b_over_a,coefficient_scale,selected_chart,pivot_ratio,qn_ratio,target_mu,mu,endpoint_margin,lambda_bar,lambda_bar_absolute_error,normalized_phi,normalized_phi_derivative,residual_root_condition,residual_root_bound,residual_root_bound_ratio,residual_implied_lambda_error_bound,minimum_hessian_eigenvalue,hessian_condition,reconstruction_condition,reconstruction_condition_bound,normalized_feasibility_residual,normalized_kkt_residual,normalized_rank_two_identity_residual,relative_reconstruction_error,lambda_bar_relative_error,iterations,bisection_steps,guarded_halfsteps,nonfinite_eval_steps,certificate_solution_count
b_over_a,b_over_a,0.00000000000000000e+00,0,regular_interior,regular_interior,1,0,1,1.00000000000000000e+00,0.00000000000000000e+00,0.00000000000000000e+00,2.28750000000000009e+00,0,6.76123403782813326e-01,1.69030850945703331e-01,5.99999999999999978e-01,5.99999999999999867e-01,4.00000000000000078e-01,6.86249999999999916e-01,1.11022302462515654e-16,2.22044604925031308e-16,-1.79312610110782611e+00,5.57685262281432226e-01,4.78414285714285814e+00,1.16569525395503734e-01,1.06229311061919643e-15,4.00000000000000133e-01,3.99999999999999911e+00,1.68609344496056912e+00,8.08207620642023628e+00,1.04592439385536020e-16,3.90723942234490530e-17,2.42769524566205677e-18,1.84109660314757385e-16,1.11022302462515654e-16,6,0,0,0,1
b_over_a,b_over_a,0.00000000000000000e+00,1,regular_interior,regular_interior,1,0,1,1.00000000000000000e+00,0.00000000000000000e+00,0.00000000000000000e+00,3.50400000000000045e+00,1,6.24758017671771304e-01,1.13592366849412985e-01,5.99999999999999978e-01,5.99999999999999978e-01,4.00000000000000022e-01,1.05120000000000013e+00,0.00000000000000000e+00,1.11022302462515654e-16,-1.04292094097287369e+00,9.58845450995704951e-01,7.92130064516129107e+00,1.21046466224131205e-01,8.79441036123617244e-16,4.00000000000000022e-01,4.00000000000000000e+00,1.15293359871033951e+00,6.28097062701876574e+00,2.70605278122325266e-17,3.93739422631978088e-17,1.72564659306459583e-18,0.00000000000000000e+00,0.00000000000000000e+00,5,0,0,0,1
b_over_a,b_over_a,0.00000000000000000e+00,2,regular_interior,regular_interior,1,0,1,1.00000000000000000e+00,0.00000000000000000e+00,0.00000000000000000e+00,2.28149999999999986e+00,1,6.35998728003815961e-01,1.05999788000635989e-01,5.99999999999999978e-01,6.00000000000000200e-01,3.99999999999999856e-01,6.84450000000000114e-01,2.22044604925031308e-16,0.00000000000000000e+00,-1.58259925366585996e+00,6.31871901672925840e-01,5.19874382022471870e+00,1.21543188801638780e-01,0.00000000000000000e+00,3.99999999999999911e-01,4.00000000000000178e+00,1.40089693677188465e+00,7.75310743923127088e+00,5.43061334765995468e-17,6.17992816474137713e-17,2.77779476470626954e-18,5.55111512312578270e-17,2.22044604925031308e-16,5,0,0,0,1
b_over_a,b_over_a,0.00000000000000000e+00,3,regular_interior,regular_interior,1,0,1,1.00000000000000000e+00,0.00000000000000000e+00,0.00000000000000000e+00,1.84884374999999967e+00,0,8.88301269073846989e-01,2.22075317268461747e-01,5.99999999999999978e-01,6.00000000000000755e-01,3.99999999999999245e-01,5.54653125000000635e-01,7.77156117237609578e-16,-2.22044604925031308e-15,-2.60644024070655878e+00,3.83665040303750871e-01,3.45247826974670380e+00,1.11127430885147621e-01,7.66604173418162535e-15,3.99999999999999245e-01,4.00000000000000977e+00,2.26217020078047115e+00,9.51392084831136842e+00,9.17871498588710081e-16,2.88653016872016371e-17,3.73713532987053439e-19,1.61841426228473428e-15,7.77156117237609578e-16,7,0,0,0,1
b_over_a,b_over_a,9.99999999999999980e-13,0,regular_interior,regular_interior,1,0,1,1.00000000000000000e+00,9.99999999999999980e-13,9.99999999999999980e-13,2.28749999999838005e+00,0,6.76123403783021826e-01,1.69030850945755456e-01,5.99999999999999978e-01,5.99999999999999978e-01,4.00000000000000078e-01,6.86249999999513971e-01,0.00000000000000000e+00,2.22044604925031308e-16,-1.79312610110933379e+00,5.57685262280963379e-01,4.78414285713903276e+00,1.16569525395498946e-01,1.06229311061834703e-15,4.00000000000000022e-01,3.99999999999999911e+00,1.68609344496145730e+00,8.08207620642346747e+00,1.04592439385522980e-16,1.68735567652587100e-17,1.27862035990556473e-17,0.00000000000000000e+00,0.00000000000000000e+00,6,0,0,0,1
b_over_a,b_over_a,9.99999999999999980e-13,1,regular_interior,regular_interior,1,0,1,1.00000000000000000e+00,9.99999999999999980e-13,9.99999999999999980e-13,3.50399999999651568e+00,1,6.24758017672063848e-01,1.13592366849466164e-01,5.99999999999999978e-01,5.99999999999999867e-01,4.00000000000000078e-01,1.05119999999895453e+00,2.22044604925031308e-16,0.00000000000000000e+00,-1.04292094097400234e+00,9.58845450994667226e-01,7.92130064515295285e+00,1.21046466224127625e-01,0.00000000000000000e+00,4.00000000000000133e-01,3.99999999999999911e+00,1.15293359871107604e+00,6.28097062702207065e+00,0.00000000000000000e+00,3.77627522619999992e-17,1.36519371151532875e-17,1.53137852140361372e-16,2.11229646998908007e-16,5,0,0,0,1
b_over_a,b_over_a,9.99999999999999980e-13,2,regular_interior,regular_interior,1,0,1,1.00000000000000000e+00,9.99999999999999980e-13,9.99999999999999980e-13,2.28149999999766750e+00,1,6.35998728004124714e-01,1.05999788000687448e-01,5.99999999999999978e-01,6.00000000000000089e-01,3.99999999999999911e-01,6.84449999999300340e-01,1.11022302462515654e-16,0.00000000000000000e+00,-1.58259925366760168e+00,6.31871901672230396e-01,5.19874382021913650e+00,1.21543188801635518e-01,0.00000000000000000e+00,3.99999999999999911e-01,4.00000000000000089e+00,1.40089693677278349e+00,7.75310743923543200e+00,8.14592002148873425e-17,5.59597262058318146e-17,1.31019727403914407e-17,5.55111512312578270e-17,1.11022302462515654e-16,5,0,0,0,1
b_over_a,b_over_a,9.99999999999999980e-13,3,regular_interior,regular_interior,1,0,1,1.00000000000000000e+00,9.99999999999999980e-13,9.99999999999999980e-13,1.84884374999953893e+00,0,8.88301269073933142e-01,2.22075317268483285e-01,5.99999999999999978e-01,6.00000000000000755e-01,3.99999999999999245e-01,5.54653124999862412e-01,7.77156117237609578e-16,-1.99840144432528177e-15,-2.60644024070740832e+00,3.83665040303625804e-01,3.45247826974565353e+00,1.11127430885145206e-01,6.89943756076136397e-15,3.99999999999999245e-01,4.00000000000000977e+00,2.26217020078093567e+00,9.51392084831281437e+00,9.55082505288200346e-16,1.65560292541504394e-17,6.37728257559997720e-18,1.62435341715111782e-15,7.77156117237609578e-16,7,0,0,0,1
b_over_a,b_over_a,1.00000000000000004e-10,0,regular_interior,regular_interior,1,0,1,1.00000000000000000e+00,1.00000000000000004e-10,1.00000000000000004e-10,2.28749999983799990e+00,0,6.76123403803676526e-01,1.69030850950919131e-01,5.99999999999999978e-01,5.99999999999999867e-01,4.00000000000000133e-01,6.86249999951399792e-01,1.11022302462515654e-16,3.33066907387546962e-16,-1.79312610125860505e+00,5.57685262234538071e-01,4.78414285676048490e+00,1.16569525395018581e-01,1.59343966580143868e-15,4.00000000000000133e-01,3.99999999999999822e+00,1.68609344504937475e+00,8.08207620674321525e+00,1.30740549230293407e-16,2.24500073082622064e-17,1.45375773819802219e-18,2.28878339926111873e-16,1.11022302462515654e-16,6,0,0,0,1
b_over_a,b_over_a,1.00000000000000004e-10,1,regular_interior,regular_interior,1,0,1,1.00000000000000000e+00,1.00000000000000004e-10,1.00000000000000004e-10,3.50399999965152009e+00,1,6.24758017701034118e-01,1.13592366854733506e-01,5.99999999999999978e-01,5.99999999999999978e-01,4.00000000000000022e-01,1.05119999989545598e+00,0.00000000000000000e+00,0.00000000000000000e+00,-1.04292094108570699e+00,9.58845450891967710e-01,7.92130064432775782e+00,1.21046466223772561e-01,0.00000000000000000e+00,4.00000000000000022e-01,3.99999999999999956e+00,1.15293359878397195e+00,6.28097062734922940e+00,2.70605278118371563e-17,2.12159065552215472e-17,5.61792183997340242e-18,0.00000000000000000e+00,0.00000000000000000e+00,5,0,0,0,1
b_over_a,b_over_a,1.00000000000000004e-10,2,regular_interior,regular_interior,1,0,1,1.00000000000000000e+00,1.00000000000000004e-10,1.00000000000000004e-10,2.28149999976671980e+00,1,6.35998728034686933e-01,1.05999788005781151e-01,5.99999999999999978e-01,5.99999999999999978e-01,4.00000000000000022e-01,6.84449999930015873e-01,0.00000000000000000e+00,0.00000000000000000e+00,-1.58259925384010880e+00,6.31871901603354824e-01,5.19874381966627830e+00,1.21543188801312471e-01,0.00000000000000000e+00,4.00000000000000022e-01,3.99999999999999956e+00,1.40089693686180539e+00,7.75310743964767735e+00,5.43061334757999993e-17,3.08913255611852233e-17,4.27125225904199800e-18,1.61841426228473438e-16,0.00000000000000000e+00,5,0,0,0,1
b_over_a,b_over_a,1.00000000000000004e-10,3,regular_interior,regular_interior,1,0,1,1.00000000000000000e+00,1.00000000000000004e-10,1.00000000000000004e-10,1.84884374995391987e+00,0,8.88301269082460210e-01,2.22075317270615052e-01,5.99999999999999978e-01,6.00000000000000866e-01,3.99999999999999079e-01,5.54653124986176804e-01,8.88178419700125232e-16,-2.22044604925031308e-15,-2.60644024079154901e+00,3.83665040291240433e-01,3.45247826964156035e+00,1.11127430884908340e-01,7.66604173394816039e-15,3.99999999999999134e-01,4.00000000000001155e+00,2.26217020082692200e+00,9.51392084845624808e+00,9.36477001933394079e-16,5.00690857980490247e-17,2.56078038904849071e-18,1.84777937141036727e-15,8.88178419700125232e-16,7,0,0,0,1
b_over_a,b_over_a,1.00000000000000002e-08,0,regular_interior,regular_interior,1,0,1,1.00000000000000000e+00,1.00000000000000002e-08,1.00000000000000002e-08,2.28749998379999964e+00,0,6.76123405869136995e-01,1.69030851467284249e-01,5.99999999999999978e-01,5.99999999999999756e-01,4.00000000000000244e-01,6.86249995139999625e-01,2.22044604925031308e-16,4.44089209850062616e-16,-1.79312611618574014e+00,5.57685257592007266e-01,4.78414281890556570e+00,1.16569525346984726e-01,2.12458620425762388e-15,4.00000000000000244e-01,3.99999999999999734e+00,1.68609345384115583e+00,8.08207623871825298e+00,1.04592439255409470e-16,1.64437919392222142e-17,1.28323537809478532e-17,3.88578058618804789e-16,2.22044604925031308e-16,6,0,0,0,1
b_over_a,b_over_a,1.00000000000000002e-08,1,regular_interior,regular_interior,1,0,1,1.00000000000000000e+00,1.00000000000000002e-08,1.00000000000000002e-08,3.50399996515200085e+00,1,6.24758020598057184e-01,1.13592367381464956e-01,5.99999999999999978e-01,5.99999999999999978e-01,4.00000000000000078e-01,1.05119998954560012e+00,0.00000000000000000e+00,0.00000000000000000e+00,-1.04292095225618775e+00,9.58845440621999834e-01,7.92130056180806630e+00,1.21046466188266921e-01,0.00000000000000000e+00,4.00000000000000022e-01,3.99999999999999911e+00,1.15293360607357109e+00,6.28097066006505234e+00,2.70605277726953358e-17,4.15777076603934322e-17,7.13589754881208852e-18,5.41424071215979448e-17,0.00000000000000000e+00,5,0,0,0,1
b_over_a,b_over_a,1.00000000000000002e-08,2,regular_interior,regular_interior,1,0,1,1.00000000000000000e+00,1.00000000000000002e-08,1.00000000000000002e-08,2.28149997667200033e+00,1,6.35998731090910985e-01,1.05999788515151822e-01,5.99999999999999978e-01,6.00000000000000089e-01,3.99999999999999856e-01,6.84449993001600254e-01,2.22044604925031308e-16,-2.22044604925031308e-16,-1.58259927109076037e+00,6.31871894715823501e-01,5.19874376438065067e+00,1.21543188769008548e-01,1.15435300526837163e-15,3.99999999999999911e-01,4.00000000000000178e+00,1.40089694576398394e+00,7.75310748087258705e+00,8.14592000949653609e-17,4.80411631653220646e-17,2.54183488424020976e-17,2.25487362244146695e-16,2.22044604925031308e-16,5,0,0,0,1
b_over_a,b_over_a,1.00000000000000002e-08,3,regular_interior,regular_interior,1,0,1,1.00000000000000000e+00,1.00000000000000002e-08,1.00000000000000002e-08,1.84884374539199992e+00,0,8.88301269935162008e-01,2.22075317483790502e-01,5.99999999999999978e-01,6.00000000000000866e-01,3.99999999999999079e-01,5.54653123617600774e-01,7.77156117237609578e-16,-2.22044604925031308e-15,-2.60644024920541684e+00,3.83665039052728640e-01,3.45247825923219454e+00,1.11127430861230933e-01,7.66604171083472519e-15,3.99999999999999134e-01,4.00000000000001155e+00,2.26217020542543690e+00,9.51392086279868110e+00,9.55082504769455078e-16,1.65080979355898000e-17,2.90803327768201566e-18,1.84214238375059101e-15,7.77156117237609578e-16,7,0,0,0,1
b_over_a,b_over_a,9.99999999999999955e-07,0,regular_interior,regular_interior,1,0,1,1.00000000000000000e+00,9.99999999999999955e-07,9.99999999999999955e-07,2.28749838000145811e+00,0,6.76123612415024167e-01,1.69030903103756042e-01,5.99999999999999978e-01,5.99999999999999867e-01,4.00000000000000078e-01,6.86249514000437322e-01,1.11022302462515654e-16,2.22044604925031308e-16,-1.79312760889941614e+00,5.57684793339264240e-01,4.78413903341647373e+00,1.16569520543596650e-01,1.06229226158138206e-15,4.00000000000000133e-01,3.99999999999999911e+00,1.68609433301937339e+00,8.08207943622205072e+00,1.30740532966112624e-16,4.85964599678790628e-17,2.76600523185417839e-18,2.07703709052761217e-16,1.11022302462515654e-16,6,0,0,0,1
b_over_a,b_over_a,9.99999999999999955e-07,1,regular_interior,regular_interior,1,0,1,1.00000000000000000e+00,9.99999999999999955e-07,9.99999999999999955e-07,3.50399651520313737e+00,1,6.24758310300219777e-01,1.13592420054585433e-01,5.99999999999999978e-01,6.00000000000000089e-01,3.99999999999999911e-01,1.05119895456094148e+00,2.22044604925031308e-16,-2.22044604925031308e-16,-1.04292206930477516e+00,9.58844413625854597e-01,7.92129230984410437e+00,1.21046462637701246e-01,1.75888022143502284e-15,3.99999999999999911e-01,4.00000000000000089e+00,1.15293433503385079e+00,6.28097393164802753e+00,8.11815715755421341e-17,4.53971527638493485e-17,1.31901945554465310e-18,2.48111801084139701e-16,2.11229857070942038e-16,5,0,0,0,1
b_over_a,b_over_a,9.99999999999999955e-07,2,regular_interior,regular_interior,1,0,1,1.00000000000000000e+00,9.99999999999999955e-07,9.99999999999999955e-07,2.28149766720210012e+00,1,6.35999036713165267e-01,1.05999839452194197e-01,5.99999999999999978e-01,6.00000000000000089e-01,3.99999999999999967e-01,6.84449300160630103e-01,1.11022302462515654e-16,0.00000000000000000e+00,-1.58260099615670002e+00,6.31871205963139504e-01,5.19873823582134964e+00,1.21543185538617537e-01,0.00000000000000000e+00,3.99999999999999911e-01,4.00000000000000089e+00,1.40089783598229212e+00,7.75311160336357297e+00,5.43061254810038043e-17,9.65276402487886287e-17,3.97655965085104655e-18,1.94289029309402395e-16,1.11022302462515654e-16,5,0,0,0,1
b_over_a,b_over_a,9.99999999999999955e-07,3,regular_interior,regular_interior,1,0,1,1.00000000000000000e+00,9.99999999999999955e-07,9.99999999999999955e-07,1.84884328920041452e+00,0,8.88301355205264098e-01,2.22075338801316025e-01,5.99999999999999978e-01,6.00000000000000755e-01,3.99999999999999190e-01,5.54652986760125088e-01,7.77156117237609578e-16,-2.22044604925031308e-15,-2.60644109059186269e+00,3.83664915201641143e-01,3.45247721829652354e+00,1.11127428493487376e-01,7.66603939949322662e-15,3.99999999999999245e-01,4.00000000000000977e+00,2.26217066527671218e+00,9.51392229704113568e+00,9.30275116956405311e-16,2.67122747263010364e-17,8.21025993548390568e-18,1.61841426228473428e-15,7.77156117237609578e-16,7,0,0,0,1
b_over_a,b_over_a,1.00000000000000005e-04,0,regular_interior,regular_interior,1,0,1,1.00000000000000000e+00,1.00000000000000005e-04,1.00000000000000005e-04,2.28733801457883335e+00,0,6.76144265481397500e-01,1.69036066370349375e-01,5.99999999999999978e-01,5.99999999999999867e-01,4.00000000000000133e-01,6.86201404373649848e-01,1.11022302462515654e-16,0.00000000000000000e+00,-1.79327688213663938e+00,5.57638371386647180e-01,4.78376051019602677e+00,1.16569040234791463e-01,0.00000000000000000e+00,4.00000000000000133e-01,3.99999999999999822e+00,1.68618225160636648e+00,8.08239918406632185e+00,0.00000000000000000e+00,3.87817660839662153e-17,1.86244918322879826e-17,2.07703709052761217e-16,1.11022302462515654e-16,6,0,0,0,1
b_over_a,b_over_a,1.00000000000000005e-04,1,regular_interior,regular_interior,1,0,1,1.00000000000000000e+00,1.00000000000000005e-04,1.00000000000000005e-04,3.50365155136069140e+00,1,6.24787279075571411e-01,1.13597687104649361e-01,5.99999999999999978e-01,5.99999999999999978e-01,4.00000000000000022e-01,1.05109546540820742e+00,0.00000000000000000e+00,-2.22044604925031308e-16,-1.04303377892606930e+00,9.58741720742373404e-01,7.92046716592959221e+00,1.21046107591540011e-01,1.75869700268051870e-15,4.00000000000000022e-01,3.99999999999999956e+00,1.15300723468345523e+00,6.28130109495376310e+00,1.35300662260720717e-16,4.82239194085071450e-17,1.24608519944053122e-17,1.08290198195369826e-16,0.00000000000000000e+00,5,0,0,0,1
b_over_a,b_over_a,1.00000000000000005e-04,2,regular_interior,regular_interior,1,0,1,1.00000000000000000e+00,1.00000000000000005e-04,1.00000000000000005e-04,2.28126674099352034e+00,1,6.36029597496454602e-01,1.06004932916075753e-01,5.99999999999999978e-01,5.99999999999999867e-01,4.00000000000000133e-01,6.84380022298055946e-01,1.11022302462515654e-16,1.11022302462515654e-16,-1.58277351055830118e+00,6.31802335159920680e-01,5.19818541479084750e+00,1.21542862507789493e-01,5.77114513377146865e-16,4.00000000000000133e-01,3.99999999999999822e+00,1.40098686264932382e+00,7.75352385964679058e+00,2.71526669695753123e-17,3.02044573933804764e-17,2.23329643108619530e-18,1.77722398948333652e-16,1.11022302462515654e-16,5,0,0,0,1
b_over_a,b_over_a,1.00000000000000005e-04,3,regular_interior,regular_interior,1,0,1,1.00000000000000000e+00,1.00000000000000005e-04,1.00000000000000005e-04,1.84879767414686791e+00,0,8.88309881316394878e-01,2.22077470329098720e-01,5.99999999999999978e-01,6.00000000000000755e-01,3.99999999999999190e-01,5.54639302244061105e-01,7.77156117237609578e-16,-2.44249065417534439e-15,-2.60652522559030153e+00,3.83652531033352784e-01,3.45237313221262720e+00,1.11127191743457268e-01,8.43238911015540314e-15,3.99999999999999245e-01,4.00000000000000977e+00,2.26221664827542979e+00,9.51406571425194514e+00,9.73682720055806171e-16,2.75075834111432171e-17,9.65926130434790487e-18,1.61841426228473428e-15,7.77156117237609578e-16,7,0,0,0,1
b_over_a,b_over_a,1.00000000000000002e-02,0,regular_interior,regular_interior,1,0,1,1.00000000000000000e+00,1.00000000000000002e-02,1.00000000000000002e-02,2.27144464228545218e+00,0,6.78194391620368764e-01,1.69548597905092191e-01,5.99999999999999978e-01,5.99999999999999867e-01,4.00000000000000078e-01,6.81433392685635519e-01,1.11022302462515654e-16,0.00000000000000000e+00,-1.80822282573303572e+00,5.53029187425841617e-01,4.74616352916386663e+00,1.16521309058912462e-01,0.00000000000000000e+00,4.00000000000000133e-01,3.99999999999999911e+00,1.69498165823720925e+00,8.11434860918875067e+00,1.30578729946661318e-16,7.75516104035032691e-17,6.26660136303139401e-18,2.28878339926111873e-16,1.11022302462515654e-16,6,0,0,0,1
b_over_a,b_over_a,1.00000000000000002e-02,1,regular_interior,regular_interior,1,0,1,1.00000000000000000e+00,1.00000000000000002e-02,1.00000000000000002e-02,3.46946314162737313e+00,1,6.27669731217481708e-01,1.14121769312269389e-01,5.99999999999999978e-01,5.99999999999999978e-01,4.00000000000000078e-01,1.04083894248821185e+00,0.00000000000000000e+00,0.00000000000000000e+00,-1.05425251549712184e+00,9.48539353997614465e-01,7.83847455498154755e+00,1.21010707803445486e-01,0.00000000000000000e+00,4.00000000000000022e-01,3.99999999999999911e+00,1.16033344525666471e+00,6.31406770394166905e+00,2.70211092601736070e-17,1.88486315920941050e-17,6.91034867904535180e-18,1.21667187795435288e-16,0.00000000000000000e+00,5,0,0,0,1
b_over_a,b_over_a,1.00000000000000002e-02,2,regular_interior,regular_interior,1,0,1,1.00000000000000000e+00,1.00000000000000002e-02,1.00000000000000002e-02,2.25838028489105147e+00,1,6.39071230860047135e-01,1.06511871810007860e-01,5.99999999999999978e-01,5.99999999999999867e-01,4.00000000000000133e-01,6.77514085467315286e-01,1.11022302462515654e-16,2.22044604925031308e-16,-1.60010330390712063e+00,6.24959649516507620e-01,5.14325028872302337e+00,1.21510642965748775e-01,1.14203097839005693e-15,4.00000000000000133e-01,3.99999999999999822e+00,1.40993796141704286e+00,7.79482162378838694e+00,1.08452801485921728e-16,2.46029838786252873e-17,4.60686467499101868e-18,1.77722398948333652e-16,1.11022302462515654e-16,5,0,0,0,1
b_over_a,b_over_a,1.00000000000000002e-02,3,regular_interior,regular_interior,1,0,1,1.00000000000000000e+00,1.00000000000000002e-02,1.00000000000000002e-02,1.84427689269452855e+00,0,8.89153565714849492e-01,2.22288391428712373e-01,5.99999999999999978e-01,6.00000000000000866e-01,3.99999999999999134e-01,5.53283067808359341e-01,7.77156117237609578e-16,-2.22044604925031308e-15,-2.61490238611897485e+00,3.82423453092715637e-01,3.44203885428311196e+00,1.11103758348586282e-01,7.64286157535901003e-15,3.99999999999999134e-01,4.00000000000001066e+00,2.26679373584891364e+00,9.52833738796587504e+00,9.11178673803557531e-16,3.46007896532099085e-17,5.29854499258731091e-18,1.77331847483622604e-15,7.77156117237609578e-16,7,0,0,0,1
b_over_a,b_over_a,1.00000000000000006e-01,0,regular_interior,regular_interior,1,0,1,1.00000000000000000e+00,1.00000000000000006e-01,1.00000000000000006e-01,2.13899519401922378e+00,0,6.95493291543131442e-01,1.73873322885782861e-01,5.99999999999999978e-01,6.00000000000000089e-01,3.99999999999999911e-01,6.41698558205767267e-01,1.11022302462515654e-16,0.00000000000000000e+00,-1.94572282873814784e+00,5.13947816837060034e-01,4.42624555727359681e+00,1.16113715379503893e-01,0.00000000000000000e+00,3.99999999999999911e-01,4.00000000000000089e+00,1.77557982612580312e+00,8.40247557909841447e+00,1.29195555223489270e-16,6.43287444985628274e-17,2.55324883112526861e-17,3.18887285829407209e-16,1.11022302462515654e-16,6,0,0,0,1
b_over_a,b_over_a,1.00000000000000006e-01,1,regular_interior,regular_interior,1,0,1,1.00000000000000000e+00,1.00000000000000006e-01,1.00000000000000006e-01,3.18454966180135290e+00,1,6.52552433398828291e-01,1.18645896981605159e-01,5.99999999999999978e-01,5.99999999999999867e-01,4.00000000000000133e-01,9.55364898540405627e-01,2.22044604925031308e-16,3.33066907387546962e-16,-1.16072165838519714e+00,8.61532989219143119e-01,7.13791717377511947e+00,1.20698092769195506e-01,2.37740399825773877e-15,4.00000000000000133e-01,3.99999999999999822e+00,1.23026200365304117e+00,6.61666670242159149e+00,1.33384437334493161e-16,4.05575033375424050e-17,5.21878876738422023e-18,3.04047097224405882e-16,2.22044604925031308e-16,5,0,0,0,1
b_over_a,b_over_a,1.00000000000000006e-01,2,regular_interior,regular_interior,1,0,1,1.00000000000000000e+00,1.00000000000000006e-01,1.00000000000000006e-01,2.06765307938768217e+00,1,6.65392834119002963e-01,1.10898805686500498e-01,5.99999999999999978e-01,6.00000000000000089e-01,3.99999999999999967e-01,6.20295923816304717e-01,1.11022302462515654e-16,0.00000000000000000e+00,-1.76502742400829016e+00,5.66563434877997207e-01,4.67365403520772027e+00,1.21224941043976173e-01,0.00000000000000000e+00,3.99999999999999911e-01,4.00000000000000089e+00,1.49578481207940039e+00,8.17705145163138347e+00,1.07057342430100915e-16,4.74658952168540699e-17,1.26690380756032174e-17,1.14439169963055936e-16,1.11022302462515654e-16,5,0,0,0,1
b_over_a,b_over_a,1.00000000000000006e-01,3,regular_interior,regular_interior,1,0,1,1.00000000000000000e+00,1.00000000000000006e-01,1.00000000000000006e-01,1.80660238296546782e+00,0,8.96067619059245479e-01,2.24016904764811370e-01,5.99999999999999978e-01,6.00000000000001754e-01,3.99999999999998246e-01,5.41980714889641946e-01,1.66533453693773481e-15,-4.44089209850062616e-15,-2.68787094295694517e+00,3.72041672097505216e-01,3.35441425045963415e+00,1.10911069509833704e-01,1.48965917399640909e-14,3.99999999999998246e-01,4.00000000000002132e+00,2.30654941952154635e+00,9.65198556301638178e+00,1.93764939936732719e-15,1.70862837844347164e-17,1.07411367062837607e-17,3.66930389246002484e-15,1.66533453693773481e-15,7,0,0,0,1
b_over_a,b_over_a,5.00000000000000000e-01,0,regular_interior,regular_interior,1,0,1,1.00000000000000000e+00,5.00000000000000000e-01,5.00000000000000000e-01,1.73631656804733714e+00,0,7.47833824564226091e-01,1.86958456141056523e-01,5.99999999999999978e-01,5.99999999999999978e-01,3.99999999999999967e-01,5.20894970414201186e-01,1.11022302462515654e-16,1.11022302462515654e-16,-2.59018604362539673e+00,3.86072653916524622e-01,3.37208119420154961e+00,1.14490912787151899e-01,3.74376218270805429e-16,3.99999999999999911e-01,4.00000000000000089e+00,2.14574824272730913e+00,9.62666810907357373e+00,2.48818420956375494e-17,5.27626506168571097e-17,4.09726013925640368e-17,1.66533453693773481e-16,1.11022302462515654e-16,7,0,0,0,1
b_over_a,b_over_a,5.00000000000000000e-01,1,regular_interior,regular_interior,1,0,1,1.00000000000000000e+00,5.00000000000000000e-01,5.00000000000000000e-01,2.31834319526627208e+00,1,7.34832549019858727e-01,1.33605918003610685e-01,5.99999999999999978e-01,5.99999999999999867e-01,4.00000000000000189e-01,6.95502958579881425e-01,2.22044604925031308e-16,2.22044604925031308e-16,-1.75252029527355546e+00,5.70606801357417370e-01,4.79707876369329433e+00,1.18948808111314891e-01,1.06516545887853516e-15,4.00000000000000133e-01,3.99999999999999778e+00,1.62427513634485998e+00,8.07117169920356581e+00,2.53612130091732769e-17,3.00806528297557835e-17,2.85237501508528714e-18,2.07703709052761217e-16,2.22044604925031308e-16,6,0,0,0,1
b_over_a,b_over_a,5.00000000000000000e-01,2,regular_interior,regular_interior,1,0,1,1.00000000000000000e+00,5.00000000000000000e-01,5.00000000000000000e-01,1.48779585798816560e+00,1,7.53315588885176357e-01,1.25552598147529393e-01,5.99999999999999978e-01,5.99999999999999867e-01,4.00000000000000189e-01,4.46338757396449570e-01,1.11022302462515654e-16,2.22044604925031308e-16,-2.69765165415511410e+00,3.70692783280498483e-01,3.10159849137538446e+00,1.19516689317229155e-01,6.88693211653520367e-16,4.00000000000000133e-01,3.99999999999999778e+00,1.99187322159582636e+00,1.00376540249042616e+01,0.00000000000000000e+00,6.80265022308205374e-17,6.49880071557290321e-17,1.27192026215690030e-16,1.11022302462515654e-16,6,0,0,0,1
b_over_a,b_over_a,5.00000000000000000e-01,3,regular_interior,regular_interior,1,0,1,1.00000000000000000e+00,5.00000000000000000e-01,5.00000000000000000e-01,1.69206268491124234e+00,0,9.14935699110072997e-01,2.28733924777518249e-01,5.99999999999999978e-01,5.99999999999999867e-01,4.00000000000000189e-01,5.07618805473372570e-01,1.11022302462515654e-16,2.22044604925031308e-16,-2.95545697665810803e+00,3.38357150145610686e-01,3.06777859140101050e+00,1.10293862501689807e-01,6.81183685325106425e-16,4.00000000000000133e-01,3.99999999999999778e+00,2.45169476607957915e+00,1.00928310791185556e+01,8.52198231074174881e-17,3.33164203723406852e-17,5.36064255382944059e-17,3.10316769155909140e-16,1.11022302462515654e-16,8,0,0,0,1
b_over_a,b_over_a,9.00000000000000022e-01,0,regular_interior,regular_interior,1,0,1,1.00000000000000000e+00,9.00000000000000022e-01,9.00000000000000022e-01,1.50673595884634826e+00,0,7.72624135004290058e-01,1.93156033751072514e-01,5.99999999999999978e-01,5.99999999999999756e-01,4.00000000000000189e-01,4.52020787653904355e-01,1.11022302462515654e-16,3.33066907387546962e-16,-3.33060545550866882e+00,3.00245710084346917e-01,2.71044651892776400e+00,1.10773523103168361e-01,9.02760039698612628e-16,4.00000000000000133e-01,3.99999999999999778e+00,2.59259330532968901e+00,1.07375349297063920e+01,9.70192189507225777e-17,4.74847443616577114e-17,6.36469253192647857e-17,2.35513868802566238e-16,1.11022302462515654e-16,8,0,0,0,1
b_over_a,b_over_a,9.00000000000000022e-01,1,regular_interior,regular_interior,1,0,1,1.00000000000000000e+00,9.00000000000000022e-01,9.00000000000000022e-01,1.82448979591836746e+00,1,7.78214608914591044e-01,1.41493565257198389e-01,5.99999999999999978e-01,6.00000000000001865e-01,3.99999999999998079e-01,5.47346938775511993e-01,1.77635683940025046e-15,-4.88498130835068878e-15,-2.66968919003421412e+00,3.74575438868666288e-01,3.33216318192241134e+00,1.12412093411512939e-01,1.62775548600653361e-14,3.99999999999998135e-01,4.00000000000002398e+00,2.26954038171614281e+00,9.68415830444620518e+00,2.14266180436929827e-15,3.54779864728490438e-17,1.64840958380293429e-17,3.98947177711738175e-15,1.77635683940025046e-15,7,0,0,0,1
b_over_a,b_over_a,9.00000000000000022e-01,2,regular_interior,regular_interior,1,0,1,1.00000000000000000e+00,9.00000000000000022e-01,9.00000000000000022e-01,1.15719978073874175e+00,1,8.00270296781045110e-01,1.33378382796840833e-01,5.99999999999999978e-01,6.00000000000001310e-01,3.99999999999998690e-01,3.47159934221623279e-01,7.77156117237609578e-16,-3.55271367880050093e-15,-4.19297490819891649e+00,2.38494153171440737e-01,2.11755674724672671e+00,1.12627042218128873e-01,7.52307282157974097e-15,3.99999999999998690e-01,4.00000000000001599e+00,2.83566207258482761e+00,1.21480754906548949e+01,1.53470244131003569e-15,3.88583200185609158e-17,7.39381157762826967e-17,2.26203684237193804e-15,7.77156117237609578e-16,7,0,0,0,1
b_over_a,b_over_a,9.00000000000000022e-01,3,regular_interior,regular_interior,1,0,1,1.00000000000000000e+00,9.00000000000000022e-01,9.00000000000000022e-01,1.62675975607184986e+00,0,9.22909725567919614e-01,2.30727431391979904e-01,5.99999999999999978e-01,5.99999999999999978e-01,3.99999999999999967e-01,4.88027926821554936e-01,0.00000000000000000e+00,0.00000000000000000e+00,-3.17089162384824386e+00,3.15368709696354832e-01,2.88519555726014953e+00,1.09305835059525902e-01,0.00000000000000000e+00,4.00000000000000022e-01,4.00000000000000089e+00,2.57900649934865678e+00,1.04072834596135806e+01,2.11458254105278671e-17,7.46435746670119149e-17,1.55021220497276916e-17,1.61841426228473438e-16,0.00000000000000000e+00,8,0,0,0,1
b_over_a,b_over_a,1.00000000000000000e+00,0,regular_interior,regular_interior,1,0,1,1.00000000000000000e+00,1.00000000000000000e+00,1.00000000000000000e+00,1.46484374999999978e+00,0,7.76114000116265523e-01,2.42535625036332997e-01,5.99999999999999978e-01,5.99999999999999978e-01,4.00000000000000022e-01,4.39453124999999944e-01,0.00000000000000000e+00,0.00000000000000000e+00,-3.55555555555555536e+00,2.81250000000000000e-01,2.58501838235294068e+00,1.08800000000000022e-01,0.00000000000000000e+00,4.00000000000000022e-01,4.00000000000000000e+00,2.74873708374510706e+00,1.09949483349804282e+01,6.03382078600628522e-17,6.75265892340575945e-17,9.82137275210940832e-17,5.55111512312578270e-17,0.00000000000000000e+00,8,0,0,0,1
b_over_a,b_over_a,1.00000000000000000e+00,1,regular_interior,regular_interior,1,0,1,1.00000000000000000e+00,1.00000000000000000e+00,1.00000000000000000e+00,1.73437500000000000e+00,1,7.84589246783641281e-01,2.42535625036332997e-01,5.99999999999999978e-01,5.99999999999999978e-01,4.00000000000000078e-01,5.20312499999999956e-01,0.00000000000000000e+00,-2.22044604925031308e-16,-3.00300300300300282e+00,3.33000000000000018e-01,3.06066176470588225e+00,1.08800000000000008e-01,6.79603432353266756e-16,4.00000000000000022e-01,3.99999999999999911e+00,2.52613962032611727e+00,1.01045584813044673e+01,0.00000000000000000e+00,6.22641068315229174e-17,6.71279236032204944e-17,5.55111512312578270e-17,0.00000000000000000e+00,8,0,0,0,1
b_over_a,b_over_a,1.00000000000000000e+00,2,regular_interior,regular_interior,1,0,1,1.00000000000000000e+00,1.00000000000000000e+00,1.00000000000000000e+00,1.09687499999999960e+00,1,8.07207352795574984e-01,2.42535625036332969e-01,5.99999999999999978e-01,5.99999999999999867e-01,4.00000000000000133e-01,3.29062499999999813e-01,5.55111512312578270e-17,0.00000000000000000e+00,-4.74833808167141402e+00,2.10600000000000037e-01,1.93566176470588092e+00,1.08800000000000105e-01,0.00000000000000000e+00,4.00000000000000133e-01,3.99999999999999822e+00,3.17651041609369678e+00,1.27060416643747871e+01,2.41352831440251384e-17,3.51155943271848071e-17,1.25195076661413240e-16,1.94289029309402395e-16,5.55111512312578270e-17,8,0,0,0,1
b_over_a,b_over_a,1.00000000000000000e+00,3,regular_interior,regular_interior,1,0,1,1.00000000000000000e+00,1.00000000000000000e+00,1.00000000000000000e+00,1.61484374999999969e+00,0,9.23987143362738017e-01,2.42535625036332997e-01,5.99999999999999978e-01,5.99999999999999867e-01,4.00000000000000078e-01,4.84453124999999818e-01,5.55111512312578270e-17,-2.22044604925031308e-16,-3.22528624415416942e+00,3.10049999999999937e-01,2.84972426470588092e+00,1.08800000000000036e-01,6.32765898501892669e-16,4.00000000000000133e-01,3.99999999999999911e+00,2.61796357286109105e+00,1.04718542914443624e+01,3.62029247160377076e-17,1.92091246015996933e-17,7.31430422760220371e-17,2.35513868802566238e-16,5.55111512312578270e-17,8,0,0,0,1
near_equal_singular_values,one_minus_b_over_a,1.00000000000000002e-02,0,regular_interior,regular_interior,1,0,1,1.00000000000000000e+00,9.89999999999999991e-01,9.89999999999999991e-01,1.46882118719980337e+00,0,7.75801954719186448e-01,1.93950488679796612e-01,5.99999999999999978e-01,6.00000000000000089e-01,3.99999999999999911e-01,4.40646356159941022e-01,0.00000000000000000e+00,0.00000000000000000e+00,-3.53172837762300462e+00,2.83147482783780879e-01,2.59698589933670387e+00,1.09029272302209865e-01,0.00000000000000000e+00,4.00000000000000022e-01,4.00000000000000089e+00,2.73149079509394133e+00,1.09695854380034117e+01,0.00000000000000000e+00,8.89402447494102248e-17,6.86980482655515383e-17,1.24126707662363656e-16,0.00000000000000000e+00,8,0,0,0,1
near_equal_singular_values,one_minus_b_over_a,1.00000000000000002e-02,1,regular_interior,regular_interior,1,0,1,1.00000000000000000e+00,9.89999999999999991e-01,9.89999999999999991e-01,1.74293090935424400e+00,1,7.84016408666408982e-01,1.42548437939347100e-01,5.99999999999999978e-01,5.99999999999999867e-01,4.00000000000000133e-01,5.22879272806273110e-01,1.11022302462515654e-16,0.00000000000000000e+00,-2.96656949803972081e+00,3.37089692542443364e-01,3.08642176715483085e+00,1.09216989113313623e-01,0.00000000000000000e+00,4.00000000000000133e-01,3.99999999999999822e+00,2.49738324537824408e+00,1.00623026156307169e+01,0.00000000000000000e+00,5.02087066517162969e-17,5.79287770874018932e-17,1.84109660314757385e-16,1.11022302462515654e-16,8,0,0,0,1
near_equal_singular_values,one_minus_b_over_a,1.00000000000000002e-02,2,regular_interior,regular_interior,1,0,1,1.00000000000000000e+00,9.89999999999999991e-01,9.89999999999999991e-01,1.10260250956771721e+00,1,8.06583571466397475e-01,1.34430595244399598e-01,5.99999999999999978e-01,6.00000000000000089e-01,3.99999999999999911e-01,3.30780752870315220e-01,5.55111512312578270e-17,-2.22044604925031308e-16,-4.68738811953571499e+00,2.13338425259107789e-01,1.95290750351121734e+00,1.09241438662884618e-01,4.33632575072277445e-16,3.99999999999999911e-01,4.00000000000000089e+00,3.13824246252215122e+00,1.26498149906109720e+01,4.83142953053746566e-17,2.62168658808733219e-17,1.32264029076375853e-17,1.68830575361606487e-16,5.55111512312578270e-17,8,0,0,0,1
near_equal_singular_values,one_minus_b_over_a,1.00000000000000002e-02,3,regular_interior,regular_interior,1,0,1,1.00000000000000000e+00,9.89999999999999991e-01,9.89999999999999991e-01,1.61597510991461046e+00,0,9.23891245084879631e-01,2.30972811271219908e-01,5.99999999999999978e-01,6.00000000000000089e-01,3.99999999999999967e-01,4.84792532974383128e-01,0.00000000000000000e+00,0.00000000000000000e+00,-3.21969142766586369e+00,3.10588769907356177e-01,2.85312636877360326e+00,1.08859100426337105e-01,0.00000000000000000e+00,4.00000000000000022e-01,4.00000000000000089e+00,2.61372001779362240e+00,1.04656090432260420e+01,3.62073415388820146e-17,6.65049054901733423e-17,4.01190870651562804e-17,1.57009245868377517e-16,0.00000000000000000e+00,8,0,0,0,1
near_equal_singular_values,one_minus_b_over_a,1.00000000000000005e-04,0,regular_interior,regular_interior,1,0,1,1.00000000000000000e+00,9.99900000000000011e-01,9.99900000000000011e-01,1.46488330300609282e+00,0,7.76110918101016067e-01,1.94027729525254017e-01,5.99999999999999978e-01,6.00000000000000089e-01,3.99999999999999967e-01,4.39464990901827890e-01,5.55111512312578270e-17,1.11022302462515654e-16,-3.55531557312065516e+00,2.81268984266917432e-01,2.58513745135535444e+00,1.08802332394144732e-01,2.87007912031551009e-16,3.99999999999999911e-01,4.00000000000000089e+00,2.74856248012612836e+00,1.09946951235691497e+01,1.20676982404460806e-16,6.08121368897966822e-17,6.73533537071984164e-17,3.04047097224405882e-16,5.55111512312578270e-17,8,0,0,0,1
near_equal_singular_values,one_minus_b_over_a,1.00000000000000005e-04,1,regular_interior,regular_interior,1,0,1,1.00000000000000000e+00,9.99900000000000011e-01,9.99900000000000011e-01,1.73446008291088405e+00,1,7.84583586207385664e-01,1.42651561128615600e-01,5.99999999999999978e-01,5.99999999999999978e-01,3.99999999999999967e-01,5.20338024873265192e-01,0.00000000000000000e+00,0.00000000000000000e+00,-3.00263476927088568e+00,3.33040838077960699e-01,3.06091789700985251e+00,1.08804237579616700e-01,0.00000000000000000e+00,4.00000000000000022e-01,4.00000000000000089e+00,2.52584809071226113e+00,1.01041357064905473e+01,4.82709781051992854e-17,2.70854351674502400e-17,3.79315688250985678e-17,7.85046229341887583e-17,0.00000000000000000e+00,8,0,0,0,1
near_equal_singular_values,one_minus_b_over_a,1.00000000000000005e-04,2,regular_interior,regular_interior,1,0,1,1.00000000000000000e+00,9.99900000000000011e-01,9.99900000000000011e-01,1.09693195632877361e+00,1,8.07201188426355132e-01,1.34533531404392531e-01,5.99999999999999978e-01,5.99999999999999978e-01,3.99999999999999967e-01,3.29079586898632093e-01,0.00000000000000000e+00,2.22044604925031308e-16,-4.74772178055004979e+00,2.10627337957479149e-01,1.93583322531750990e+00,1.08804485429230421e-01,4.29841323716375600e-16,4.00000000000000022e-01,4.00000000000000089e+00,3.17612239050680145e+00,1.27054789521821299e+01,1.20677505475255987e-17,6.24019595730184770e-17,1.50148628279485032e-16,5.55111512312578270e-17,0.00000000000000000e+00,8,0,0,0,1
near_equal_singular_values,one_minus_b_over_a,1.00000000000000005e-04,3,regular_interior,regular_interior,1,0,1,1.00000000000000000e+00,9.99900000000000011e-01,9.99900000000000011e-01,1.61485500063284393e+00,0,9.23986196612626931e-01,2.30996549153156733e-01,5.99999999999999978e-01,6.00000000000000089e-01,3.99999999999999911e-01,4.84456500189853256e-01,1.11022302462515654e-16,-2.22044604925031308e-16,-3.22523007311958265e+00,3.10055399871909443e-01,2.84975813302394299e+00,1.08800601805074115e-01,6.32773418779196236e-16,3.99999999999999911e-01,4.00000000000000089e+00,2.61792066397824330e+00,1.04717920642080493e+01,1.56879530522105133e-16,3.43298967580534554e-17,6.58282713115554746e-17,1.92296268638356382e-16,1.11022302462515654e-16,8,0,0,0,1
near_equal_singular_values,one_minus_b_over_a,9.99999999999999955e-07,0,regular_interior,regular_interior,1,0,1,1.00000000000000000e+00,9.99998999999999971e-01,9.99998999999999971e-01,1.46484414550803477e+00,0,7.76113969299935813e-01,1.94028492324983953e-01,5.99999999999999978e-01,5.99999999999999867e-01,4.00000000000000078e-01,4.39453243652410341e-01,5.55111512312578270e-17,1.11022302462515654e-16,-3.55555315555731255e+00,2.81250189843739173e-01,2.58501957298260487e+00,1.08800023327959447e-01,2.86994824903197818e-16,4.00000000000000133e-01,3.99999999999999911e+00,2.74873533749081034e+00,1.09949458029080773e+01,7.24058528320040775e-17,2.30465553799921602e-17,5.94152280680966239e-17,2.07703709052761217e-16,5.55111512312578270e-17,8,0,0,0,1
near_equal_singular_values,one_minus_b_over_a,9.99999999999999955e-07,1,regular_interior,regular_interior,1,0,1,1.00000000000000000e+00,9.99998999999999971e-01,9.99998999999999971e-01,1.73437585078172885e+00,1,7.84589190184626917e-01,1.42652580033568538e-01,5.99999999999999978e-01,5.99999999999999978e-01,4.00000000000000022e-01,5.20312755234518587e-01,0.00000000000000000e+00,0.00000000000000000e+00,-3.00299932027020589e+00,3.33000408375057955e-01,3.06066432588274751e+00,1.08800042382633702e-01,0.00000000000000000e+00,4.00000000000000133e-01,3.99999999999999956e+00,2.52613670462690676e+00,1.01045542535349266e+01,1.20676426015203044e-16,6.11114451496798927e-17,1.48353439416209065e-17,3.28408399535829794e-16,0.00000000000000000e+00,8,0,0,0,1
near_equal_singular_values,one_minus_b_over_a,9.99999999999999955e-07,2,regular_interior,regular_interior,1,0,1,1.00000000000000000e+00,9.99998999999999971e-01,9.99998999999999971e-01,1.09687556953157039e+00,1,8.07207291159193097e-01,1.34534548526532183e-01,5.99999999999999978e-01,5.99999999999999978e-01,4.00000000000000022e-01,3.29062670859471107e-01,0.00000000000000000e+00,-2.22044604925031308e-16,-4.74833191797029830e+00,2.10600273375045721e-01,1.93566347921272430e+00,1.08800044861465980e-01,4.29803632509600920e-16,4.00000000000000022e-01,3.99999999999999956e+00,3.17650653529460536e+00,1.27060360372085928e+01,7.24058559703983928e-17,3.28104713583881558e-17,6.68510605835904581e-17,7.85046229341887583e-17,0.00000000000000000e+00,8,0,0,0,1
near_equal_singular_values,one_minus_b_over_a,9.99999999999999955e-07,3,regular_interior,regular_interior,1,0,1,1.00000000000000000e+00,9.99998999999999971e-01,9.99998999999999971e-01,1.61484386250006318e+00,0,9.23987133896452595e-01,2.30996783474113149e-01,5.99999999999999978e-01,5.99999999999999978e-01,4.00000000000000022e-01,4.84453158750018931e-01,0.00000000000000000e+00,1.11022302462515654e-16,-3.22528568242094682e+00,3.10050053999987141e-01,2.84972460337385547e+00,1.08800006019147133e-01,3.16382986850644640e-16,4.00000000000000022e-01,4.00000000000000000e+00,2.61796314372386441e+00,1.04718536691944486e+01,3.62029251546675129e-17,2.07932977309910754e-17,1.05992724941005308e-16,2.77555756156289135e-17,0.00000000000000000e+00,8,0,0,0,1
near_equal_singular_values,one_minus_b_over_a,1.00000000000000002e-08,0,regular_interior,regular_interior,1,0,1,1.00000000000000000e+00,9.99999989999999950e-01,9.99999989999999950e-01,1.46484375395507782e+00,0,7.76113999808102695e-01,1.94028499952025674e-01,5.99999999999999978e-01,5.99999999999999867e-01,4.00000000000000078e-01,4.39453126186523269e-01,5.55111512312578270e-17,-4.44089209850062616e-16,-3.55555553155555604e+00,2.81250001898437463e-01,2.58501839425923086e+00,1.08800000233280014e-01,1.14797877615445947e-15,4.00000000000000133e-01,3.99999999999999911e+00,2.74873706628254233e+00,1.09949483096597067e+01,2.41352831553582285e-17,5.04054015896323081e-17,1.17767676311547902e-16,2.00148302124336049e-16,5.55111512312578270e-17,8,0,0,0,1
near_equal_singular_values,one_minus_b_over_a,1.00000000000000002e-08,1,regular_interior,regular_interior,1,0,1,1.00000000000000000e+00,9.99999989999999950e-01,9.99999989999999950e-01,1.73437500850781245e+00,1,7.84589246217651803e-01,1.42652590221391234e-01,5.99999999999999978e-01,5.99999999999999867e-01,4.00000000000000078e-01,5.20312502552343625e-01,1.11022302462515654e-16,0.00000000000000000e+00,-3.00300296617563500e+00,3.33000004083750079e-01,3.06066179031763541e+00,1.08800000423827078e-01,0.00000000000000000e+00,4.00000000000000133e-01,3.99999999999999911e+00,2.52613959116908449e+00,1.01045584390267713e+01,2.41352831646152894e-17,3.36681346247916566e-17,8.05857552969414384e-17,2.35513868802566238e-16,1.11022302462515654e-16,8,0,0,0,1
near_equal_singular_values,one_minus_b_over_a,1.00000000000000002e-08,2,regular_interior,regular_interior,1,0,1,1.00000000000000000e+00,9.99999989999999950e-01,9.99999989999999950e-01,1.09687500569531249e+00,1,8.07207352179211912e-01,1.34534558696535328e-01,5.99999999999999978e-01,6.00000000000000089e-01,3.99999999999999967e-01,3.29062501708593746e-01,0.00000000000000000e+00,0.00000000000000000e+00,-4.74833802003433547e+00,2.10600002733749986e-01,1.93566178185094095e+00,1.08800000448615361e-01,0.00000000000000000e+00,4.00000000000000022e-01,4.00000000000000089e+00,3.17651037728565289e+00,1.27060416081031260e+01,4.82705663316390943e-17,6.37582936459135247e-17,4.06706588989931531e-17,1.71096858985447132e-16,0.00000000000000000e+00,8,0,0,0,1
near_equal_singular_values,one_minus_b_over_a,1.00000000000000002e-08,3,regular_interior,regular_interior,1,0,1,1.00000000000000000e+00,9.99999989999999950e-01,9.99999989999999950e-01,1.61484375112499978e+00,0,9.23987143268075295e-01,2.30996785817018824e-01,5.99999999999999978e-01,5.99999999999999978e-01,4.00000000000000078e-01,4.84453125337499901e-01,0.00000000000000000e+00,1.11022302462515654e-16,-3.22528623853683394e+00,3.10050000540000037e-01,2.84972426809255941e+00,1.08800000060191637e-01,3.16382949626943178e-16,4.00000000000000022e-01,3.99999999999999911e+00,2.61796356856971357e+00,1.04718542852218643e+01,7.24058494408480046e-17,3.53506850037929701e-17,7.98911505828240989e-17,2.77555756156289135e-17,0.00000000000000000e+00,8,0,0,0,1
near_equal_singular_values,one_minus_b_over_a,1.00000000000000004e-10,0,regular_interior,regular_interior,1,0,1,1.00000000000000000e+00,9.99999999899999992e-01,9.99999999899999992e-01,1.46484375003955036e+00,0,7.76114000113183877e-01,1.94028500028295969e-01,5.99999999999999978e-01,5.99999999999999978e-01,4.00000000000000022e-01,4.39453125011865120e-01,0.00000000000000000e+00,0.00000000000000000e+00,-3.55555555531555711e+00,2.81250000018984259e-01,2.58501838247200233e+00,1.08800000002332822e-01,0.00000000000000000e+00,4.00000000000000022e-01,4.00000000000000000e+00,2.74873708357048230e+00,1.09949483347272210e+01,8.44734910044846398e-17,4.72717876923116983e-17,1.27316731591791010e-16,7.85046229341887583e-17,0.00000000000000000e+00,8,0,0,0,1
near_equal_singular_values,one_minus_b_over_a,1.00000000000000004e-10,1,regular_interior,regular_interior,1,0,1,1.00000000000000000e+00,9.99999999899999992e-01,9.99999999899999992e-01,1.73437500008507794e+00,1,7.84589246777981364e-01,1.42652590323269352e-01,5.99999999999999978e-01,5.99999999999999867e-01,4.00000000000000078e-01,5.20312500025523317e-01,0.00000000000000000e+00,-2.22044604925031308e-16,-3.00300300263472852e+00,3.33000000040837574e-01,3.06066176496199871e+00,1.08800000004238340e-01,6.79603432410136035e-16,4.00000000000000133e-01,3.99999999999999911e+00,2.52613962003454651e+00,1.01045584808816908e+01,6.03382078605776086e-17,4.64638676120393700e-17,1.07902292137107696e-16,2.07703709052761217e-16,0.00000000000000000e+00,8,0,0,0,1
near_equal_singular_values,one_minus_b_over_a,1.00000000000000004e-10,2,regular_interior,regular_interior,1,0,1,1.00000000000000000e+00,9.99999999899999992e-01,9.99999999899999992e-01,1.09687500005695315e+00,1,8.07207352789411470e-01,1.34534558798235226e-01,5.99999999999999978e-01,5.99999999999999978e-01,4.00000000000000078e-01,3.29062500017085924e-01,0.00000000000000000e+00,0.00000000000000000e+00,-4.74833808105504218e+00,2.10600000027337586e-01,1.93566176487733332e+00,1.08800000004486183e-01,0.00000000000000000e+00,4.00000000000000022e-01,3.99999999999999911e+00,3.17651041570561654e+00,1.27060416638120692e+01,1.20676415721215460e-17,4.85423861957283704e-17,4.48563851869952505e-17,3.92523114670943792e-17,0.00000000000000000e+00,8,0,0,0,1
near_equal_singular_values,one_minus_b_over_a,1.00000000000000004e-10,3,regular_interior,regular_interior,1,0,1,1.00000000000000000e+00,9.99999999899999992e-01,9.99999999899999992e-01,1.61484375001124958e+00,0,9.23987143361791330e-01,2.30996785840447832e-01,5.99999999999999978e-01,5.99999999999999756e-01,4.00000000000000300e-01,4.84453125003374674e-01,1.66533453693773481e-16,2.22044604925031308e-16,-3.22528624409799169e+00,3.10050000005400339e-01,2.84972426473974760e+00,1.08800000000602096e-01,6.32765898509412584e-16,4.00000000000000244e-01,3.99999999999999600e+00,2.61796357281817427e+00,1.04718542913821260e+01,5.73212974671291651e-17,2.29497506979911277e-17,1.78672523211921518e-16,4.61944842852591818e-16,1.66533453693773481e-16,8,0,0,0,1
near_equal_singular_values,one_minus_b_over_a,9.99999999999999980e-13,0,regular_interior,regular_interior,1,0,1,1.00000000000000000e+00,9.99999999999000022e-01,9.99999999999000022e-01,1.46484375000039546e+00,0,7.76114000116234770e-01,1.94028500029058693e-01,5.99999999999999978e-01,5.99999999999999978e-01,4.00000000000000022e-01,4.39453125000118627e-01,0.00000000000000000e+00,0.00000000000000000e+00,-3.55555555555315506e+00,2.81250000000189904e-01,2.58501838235413217e+00,1.08800000000023336e-01,0.00000000000000000e+00,4.00000000000000022e-01,3.99999999999999956e+00,2.74873708374336045e+00,1.09949483349778934e+01,8.44734910040919720e-17,4.93129749817923085e-17,3.90728871837745400e-17,0.00000000000000000e+00,0.00000000000000000e+00,8,0,0,0,1
near_equal_singular_values,one_minus_b_over_a,9.99999999999999980e-13,1,regular_interior,regular_interior,1,0,1,1.00000000000000000e+00,9.99999999999000022e-01,9.99999999999000022e-01,1.73437500000085110e+00,1,7.84589246783584549e-01,1.42652590324288148e-01,5.99999999999999978e-01,6.00000000000000200e-01,3.99999999999999856e-01,5.20312500000255418e-01,1.11022302462515654e-16,-2.22044604925031308e-16,-3.00300300299932132e+00,3.33000000000408247e-01,3.06066176470844464e+00,1.08800000000042307e-01,6.79603432353835722e-16,3.99999999999999911e-01,4.00000000000000178e+00,2.52613962032320272e+00,1.01045584813002485e+01,2.41352831440272030e-17,1.03610097663209606e-16,4.70477148813738889e-17,1.24126707662363656e-16,1.11022302462515654e-16,8,0,0,0,1
near_equal_singular_values,one_minus_b_over_a,9.99999999999999980e-13,2,regular_interior,regular_interior,1,0,1,1.00000000000000000e+00,9.99999999999000022e-01,9.99999999999000022e-01,1.09687500000056959e+00,1,8.07207352795513366e-01,1.34534558799252218e-01,5.99999999999999978e-01,6.00000000000000089e-01,3.99999999999999911e-01,3.29062500000170899e-01,5.55111512312578270e-17,-2.22044604925031308e-16,-4.74833808166525273e+00,2.10600000000273319e-01,1.93566176470759688e+00,1.08800000000044833e-01,4.29803251812987259e-16,3.99999999999999911e-01,4.00000000000000089e+00,3.17651041608981810e+00,1.27060416643691703e+01,3.62029247160409802e-17,8.79122800632967977e-17,6.95432061898274118e-19,1.27192026215690030e-16,5.55111512312578270e-17,8,0,0,0,1
near_equal_singular_values,one_minus_b_over_a,9.99999999999999980e-13,3,regular_interior,regular_interior,1,0,1,1.00000000000000000e+00,9.99999999999000022e-01,9.99999999999000022e-01,1.61484375000011204e+00,0,9.23987143362728469e-01,2.30996785840682117e-01,5.99999999999999978e-01,5.99999999999999756e-01,4.00000000000000244e-01,4.84453125000033402e-01,1.66533453693773481e-16,0.00000000000000000e+00,-3.22528624415360543e+00,3.10050000000054171e-01,2.84972426470621842e+00,1.08800000000006183e-01,0.00000000000000000e+00,4.00000000000000244e-01,3.99999999999999689e+00,2.61796357286065984e+00,1.04718542914437318e+01,9.65411325761017493e-17,1.90851811373915304e-17,1.09155872550862089e-16,5.48128699599290049e-16,1.66533453693773481e-16,8,0,0,0,1
near_equal_singular_values,one_minus_b_over_a,9.99999999999999999e-15,0,regular_interior,regular_interior,1,0,1,1.00000000000000000e+00,9.99999999999990008e-01,9.99999999999990008e-01,1.46484375000000377e+00,0,7.76114000116265190e-01,1.94028500029066298e-01,5.99999999999999978e-01,5.99999999999999978e-01,4.00000000000000078e-01,4.39453125000001110e-01,0.00000000000000000e+00,0.00000000000000000e+00,-3.55555555555553138e+00,2.81250000000001887e-01,2.58501838235295267e+00,1.08800000000000244e-01,0.00000000000000000e+00,4.00000000000000022e-01,3.99999999999999911e+00,2.74873708374508929e+00,1.09949483349803998e+01,2.41352831440251538e-17,4.41346010505058338e-17,4.64862163577621546e-17,1.24126707662363656e-16,0.00000000000000000e+00,8,0,0,0,1
near_equal_singular_values,one_minus_b_over_a,9.99999999999999999e-15,1,regular_interior,regular_interior,1,0,1,1.00000000000000000e+00,9.99999999999990008e-01,9.99999999999990008e-01,1.73437500000000844e+00,1,7.84589246783640615e-01,1.42652590324298306e-01,5.99999999999999978e-01,5.99999999999999978e-01,4.00000000000000022e-01,5.20312500000002509e-01,0.00000000000000000e+00,0.00000000000000000e+00,-3.00300300300296641e+00,3.33000000000004071e-01,3.06066176470590712e+00,1.08800000000000452e-01,0.00000000000000000e+00,4.00000000000000022e-01,4.00000000000000000e+00,2.52613962032608841e+00,1.01045584813044265e+01,4.82705662880503138e-17,3.35967149464443130e-17,5.11382250625519147e-17,5.55111512312578270e-17,0.00000000000000000e+00,8,0,0,0,1
near_equal_singular_values,one_minus_b_over_a,9.99999999999999999e-15,2,regular_interior,regular_interior,1,0,1,1.00000000000000000e+00,9.99999999999990008e-01,9.99999999999990008e-01,1.09687500000000560e+00,1,8.07207352795574318e-01,1.34534558799262377e-01,5.99999999999999978e-01,5.99999999999999978e-01,4.00000000000000078e-01,3.29062500000001645e-01,0.00000000000000000e+00,1.11022302462515654e-16,-4.74833808167135274e+00,2.10600000000002757e-01,1.93566176470589890e+00,1.08800000000000494e-01,2.14901625906305116e-16,4.00000000000000022e-01,3.99999999999999911e+00,3.17651041609365814e+00,1.27060416643747320e+01,6.03382078600629139e-17,7.97540047936206460e-17,1.23166200796250196e-17,8.77708367144175306e-17,0.00000000000000000e+00,8,0,0,0,1
near_equal_singular_values,one_minus_b_over_a,9.99999999999999999e-15,3,regular_interior,regular_interior,1,0,1,1.00000000000000000e+00,9.99999999999990008e-01,9.99999999999990008e-01,1.61484375000000080e+00,0,9.23987143362737795e-01,2.30996785840684449e-01,5.99999999999999978e-01,5.99999999999999978e-01,4.00000000000000078e-01,4.84453125000000207e-01,0.00000000000000000e+00,-4.44089209850062616e-16,-3.22528624415416321e+00,3.10050000000000547e-01,2.84972426470588402e+00,1.08800000000000133e-01,1.26553179700378672e-15,4.00000000000000022e-01,3.99999999999999911e+00,2.61796357286108661e+00,1.04718542914443571e+01,7.84396702180817153e-17,3.77657759591819940e-17,6.80357043821272612e-17,2.77555756156289135e-17,0.00000000000000000e+00,8,0,0,0,1
near_equal_singular_values,one_minus_b_over_a,0.00000000000000000e+00,0,regular_interior,regular_interior,1,0,1,1.00000000000000000e+00,1.00000000000000000e+00,1.00000000000000000e+00,1.46484374999999978e+00,0,7.76114000116265523e-01,2.42535625036332997e-01,5.99999999999999978e-01,5.99999999999999978e-01,4.00000000000000022e-01,4.39453124999999944e-01,0.00000000000000000e+00,0.00000000000000000e+00,-3.55555555555555536e+00,2.81250000000000000e-01,2.58501838235294068e+00,1.08800000000000022e-01,0.00000000000000000e+00,4.00000000000000022e-01,4.00000000000000000e+00,2.74873708374510706e+00,1.09949483349804282e+01,6.03382078600628522e-17,6.75265892340575945e-17,9.82137275210940832e-17,5.55111512312578270e-17,0.00000000000000000e+00,8,0,0,0,1
near_equal_singular_values,one_minus_b_over_a,0.00000000000000000e+00,1,regular_interior,regular_interior,1,0,1,1.00000000000000000e+00,1.00000000000000000e+00,1.00000000000000000e+00,1.73437500000000000e+00,1,7.84589246783641281e-01,2.42535625036332997e-01,5.99999999999999978e-01,5.99999999999999978e-01,4.00000000000000078e-01,5.20312499999999956e-01,0.00000000000000000e+00,-2.22044604925031308e-16,-3.00300300300300282e+00,3.33000000000000018e-01,3.06066176470588225e+00,1.08800000000000008e-01,6.79603432353266756e-16,4.00000000000000022e-01,3.99999999999999911e+00,2.52613962032611727e+00,1.01045584813044673e+01,0.00000000000000000e+00,6.22641068315229174e-17,6.71279236032204944e-17,5.55111512312578270e-17,0.00000000000000000e+00,8,0,0,0,1
near_equal_singular_values,one_minus_b_over_a,0.00000000000000000e+00,2,regular_interior,regular_interior,1,0,1,1.00000000000000000e+00,1.00000000000000000e+00,1.00000000000000000e+00,1.09687499999999960e+00,1,8.07207352795574984e-01,2.42535625036332969e-01,5.99999999999999978e-01,5.99999999999999867e-01,4.00000000000000133e-01,3.29062499999999813e-01,5.55111512312578270e-17,0.00000000000000000e+00,-4.74833808167141402e+00,2.10600000000000037e-01,1.93566176470588092e+00,1.08800000000000105e-01,0.00000000000000000e+00,4.00000000000000133e-01,3.99999999999999822e+00,3.17651041609369678e+00,1.27060416643747871e+01,2.41352831440251384e-17,3.51155943271848071e-17,1.25195076661413240e-16,1.94289029309402395e-16,5.55111512312578270e-17,8,0,0,0,1
near_equal_singular_values,one_minus_b_over_a,0.00000000000000000e+00,3,regular_interior,regular_interior,1,0,1,1.00000000000000000e+00,1.00000000000000000e+00,1.00000000000000000e+00,1.61484374999999969e+00,0,9.23987143362738017e-01,2.42535625036332997e-01,5.99999999999999978e-01,5.99999999999999867e-01,4.00000000000000078e-01,4.84453124999999818e-01,5.55111512312578270e-17,-2.22044604925031308e-16,-3.22528624415416942e+00,3.10049999999999937e-01,2.84972426470588092e+00,1.08800000000000036e-01,6.32765898501892669e-16,4.00000000000000133e-01,3.99999999999999911e+00,2.61796357286109105e+00,1.04718542914443624e+01,3.62029247160377076e-17,1.92091246015996933e-17,7.31430422760220371e-17,2.35513868802566238e-16,5.55111512312578270e-17,8,0,0,0,1
a_to_affine,a_raw,1.00000000000000000e+00,0,regular_interior,regular_interior,1,0,1,1.00000000000000000e+00,5.00000000000000000e-01,5.00000000000000000e-01,1.73631656804733714e+00,0,7.47833824564226091e-01,1.86958456141056523e-01,5.99999999999999978e-01,5.99999999999999978e-01,3.99999999999999967e-01,5.20894970414201186e-01,1.11022302462515654e-16,1.11022302462515654e-16,-2.59018604362539673e+00,3.86072653916524622e-01,3.37208119420154961e+00,1.14490912787151899e-01,3.74376218270805429e-16,3.99999999999999911e-01,4.00000000000000089e+00,2.14574824272730913e+00,9.62666810907357373e+00,2.48818420956375494e-17,5.27626506168571097e-17,4.09726013925640368e-17,1.66533453693773481e-16,1.11022302462515654e-16,7,0,0,0,1
a_to_affine,a_raw,1.00000000000000000e+00,1,regular_interior,regular_interior,1,0,1,1.00000000000000000e+00,5.00000000000000000e-01,5.00000000000000000e-01,2.31834319526627208e+00,1,7.34832549019858727e-01,1.33605918003610685e-01,5.99999999999999978e-01,5.99999999999999867e-01,4.00000000000000189e-01,6.95502958579881425e-01,2.22044604925031308e-16,2.22044604925031308e-16,-1.75252029527355546e+00,5.70606801357417370e-01,4.79707876369329433e+00,1.18948808111314891e-01,1.06516545887853516e-15,4.00000000000000133e-01,3.99999999999999778e+00,1.62427513634485998e+00,8.07117169920356581e+00,2.53612130091732769e-17,3.00806528297557835e-17,2.85237501508528714e-18,2.07703709052761217e-16,2.22044604925031308e-16,6,0,0,0,1
a_to_affine,a_raw,1.00000000000000000e+00,2,regular_interior,regular_interior,1,0,1,1.00000000000000000e+00,5.00000000000000000e-01,5.00000000000000000e-01,1.48779585798816560e+00,1,7.53315588885176357e-01,1.25552598147529393e-01,5.99999999999999978e-01,5.99999999999999867e-01,4.00000000000000189e-01,4.46338757396449570e-01,1.11022302462515654e-16,2.22044604925031308e-16,-2.69765165415511410e+00,3.70692783280498483e-01,3.10159849137538446e+00,1.19516689317229155e-01,6.88693211653520367e-16,4.00000000000000133e-01,3.99999999999999778e+00,1.99187322159582636e+00,1.00376540249042616e+01,0.00000000000000000e+00,6.80265022308205374e-17,6.49880071557290321e-17,1.27192026215690030e-16,1.11022302462515654e-16,6,0,0,0,1
a_to_affine,a_raw,1.00000000000000000e+00,3,regular_interior,regular_interior,1,0,1,1.00000000000000000e+00,5.00000000000000000e-01,5.00000000000000000e-01,1.69206268491124234e+00,0,9.14935699110072997e-01,2.28733924777518249e-01,5.99999999999999978e-01,5.99999999999999867e-01,4.00000000000000189e-01,5.07618805473372570e-01,1.11022302462515654e-16,2.22044604925031308e-16,-2.95545697665810803e+00,3.38357150145610686e-01,3.06777859140101050e+00,1.10293862501689807e-01,6.81183685325106425e-16,4.00000000000000133e-01,3.99999999999999778e+00,2.45169476607957915e+00,1.00928310791185556e+01,8.52198231074174881e-17,3.33164203723406852e-17,5.36064255382944059e-17,3.10316769155909140e-16,1.11022302462515654e-16,8,0,0,0,1
a_to_affine,a_raw,1.00000000000000002e-02,0,regular_interior,regular_interior,1,0,1,1.00000000000000002e-02,5.00000000000000010e-03,5.00000000000000000e-01,1.73631656804733723e+02,0,7.47833824564226313e-01,1.86958456141056578e-01,5.99999999999999978e-01,6.00000000000000200e-01,3.99999999999999856e-01,5.20894970414201271e+03,9.09494701772928238e-13,-2.22044604925031308e-16,-2.59018604362539796e-04,3.86072653916524450e+03,3.37208119420155053e+04,1.14490912787151816e-01,7.48752436541611062e-12,3.99999999999999911e-01,4.00000000000000178e+00,2.14574824272731023e-02,9.62666810907357728e-02,8.70864473347314091e-17,9.08020323526389786e-17,4.62441466245552316e-25,2.78458266555499016e-16,1.74602319743982829e-16,7,0,0,0,1
a_to_affine,a_raw,1.00000000000000002e-02,1,regular_interior,regular_interior,1,0,1,1.00000000000000002e-02,5.00000000000000010e-03,5.00000000000000000e-01,2.31834319526627212e+02,1,7.34832549019858727e-01,1.33605918003610685e-01,5.99999999999999978e-01,5.99999999999999867e-01,4.00000000000000133e-01,6.95502958579881488e+03,9.09494701772928238e-13,2.22044604925031308e-16,-1.75252029527355531e-04,5.70606801357417407e+03,4.79707876369329460e+04,1.18948808111314905e-01,1.06516545887853522e-11,4.00000000000000133e-01,3.99999999999999822e+00,1.62427513634486008e-02,8.07117169920356786e-02,2.53612130091732707e-17,5.62709486201988565e-17,1.99643292607979465e-25,2.88928001160369336e-16,1.30767912710247489e-16,6,0,0,0,1
a_to_affine,a_raw,1.00000000000000002e-02,2,regular_interior,regular_interior,1,0,1,1.00000000000000002e-02,5.00000000000000010e-03,5.00000000000000000e-01,1.48779585798816584e+02,1,7.53315588885176357e-01,1.25552598147529393e-01,5.99999999999999978e-01,5.99999999999999978e-01,4.00000000000000022e-01,4.46338757396449728e+03,0.00000000000000000e+00,1.11022302462515654e-16,-2.69765165415511410e-04,3.70692783280498497e+03,3.10159849137538622e+04,1.19516689317229099e-01,3.44346605826760379e-12,4.00000000000000022e-01,4.00000000000000000e+00,1.99187322159582701e-02,1.00376540249042662e-01,0.00000000000000000e+00,6.12858178645826624e-17,7.88203333795252361e-25,1.06354998004906643e-16,0.00000000000000000e+00,6,0,0,0,1
a_to_affine,a_raw,1.00000000000000002e-02,3,regular_interior,regular_interior,1,0,1,1.00000000000000002e-02,5.00000000000000010e-03,5.00000000000000000e-01,1.69206268491124234e+02,0,9.14935699110073219e-01,2.28733924777518305e-01,5.99999999999999978e-01,5.99999999999999867e-01,4.00000000000000078e-01,5.07618805473372595e+03,9.09494701772928238e-13,0.00000000000000000e+00,-2.95545697665811004e-04,3.38357150145610422e+03,3.06777859140101209e+04,1.10293862501689668e-01,0.00000000000000000e+00,4.00000000000000133e-01,3.99999999999999911e+00,2.45169476607958008e-02,1.00928310791185583e-01,7.91326928854590944e-17,2.84280684612838328e-17,1.34951360492387487e-25,3.30763588479906963e-16,1.79168835347774776e-16,8,0,0,0,1
a_to_affine,a_raw,1.00000000000000005e-04,0,regular_interior,regular_interior,1,0,1,1.00000000000000005e-04,5.00000000000000024e-05,5.00000000000000000e-01,1.73631656804733684e+04,0,7.47833824564226202e-01,1.86958456141056550e-01,5.99999999999999978e-01,6.00000000000000089e-01,3.99999999999999911e-01,5.20894970414201096e+07,1.49011611938476562e-08,-2.22044604925031308e-16,-2.59018604362539873e-08,3.86072653916524351e+07,3.37208119420154870e+08,1.14490912787151844e-01,7.48752436541610654e-08,3.99999999999999911e-01,4.00000000000000089e+00,2.14574824272731026e-04,9.62666810907357906e-04,1.61731973621644030e-16,6.38403471695243790e-17,5.66066737653200771e-33,3.02175336049351812e-16,2.86068440668541589e-16,7,0,0,0,1
a_to_affine,a_raw,1.00000000000000005e-04,1,regular_interior,regular_interior,1,0,1,1.00000000000000005e-04,5.00000000000000024e-05,5.00000000000000000e-01,2.31834319526627187e+04,1,7.34832549019858616e-01,1.33605918003610658e-01,5.99999999999999978e-01,5.99999999999999867e-01,4.00000000000000133e-01,6.95502958579881340e+07,1.49011611938476562e-08,2.22044604925031308e-16,-1.75252029527355565e-08,5.70606801357417256e+07,4.79707876369329214e+08,1.18948808111314933e-01,1.06516545887853467e-07,4.00000000000000133e-01,3.99999999999999822e+00,1.62427513634486026e-04,8.07117169920356964e-04,0.00000000000000000e+00,2.30220352139208161e-17,4.67707271488700768e-33,3.93208012257427487e-16,2.14250148184469491e-16,6,0,0,0,1
a_to_affine,a_raw,1.00000000000000005e-04,2,regular_interior,regular_interior,1,0,1,1.00000000000000005e-04,5.00000000000000024e-05,5.00000000000000000e-01,1.48779585798816552e+04,1,7.53315588885176357e-01,1.25552598147529393e-01,5.99999999999999978e-01,5.99999999999999867e-01,4.00000000000000133e-01,4.46338757396449521e+07,7.45058059692382812e-09,2.22044604925031308e-16,-2.69765165415511453e-08,3.70692783280498460e+07,3.10159849137538433e+08,1.19516689317229155e-01,6.88693211653520339e-08,4.00000000000000133e-01,3.99999999999999822e+00,1.99187322159582623e-04,1.00376540249042640e-03,5.08337627279049651e-17,3.58365999416383531e-17,7.81281297764588093e-33,3.04405766765857074e-16,1.66926588234999066e-16,6,0,0,0,1
a_to_affine,a_raw,1.00000000000000005e-04,3,regular_interior,regular_interior,1,0,1,1.00000000000000005e-04,5.00000000000000024e-05,5.00000000000000000e-01,1.69206268491124210e+04,0,9.14935699110073108e-01,2.28733924777518277e-01,5.99999999999999978e-01,5.99999999999999867e-01,4.00000000000000133e-01,5.07618805473372489e+07,7.45058059692382812e-09,0.00000000000000000e+00,-2.95545697665811000e-08,3.38357150145610422e+07,3.06777859140100956e+08,1.10293862501689752e-01,0.00000000000000000e+00,4.00000000000000133e-01,3.99999999999999822e+00,2.45169476607958012e-04,1.00928310791185603e-03,3.04356511097919534e-18,4.27640309156349317e-17,1.01399135015631385e-32,4.08689288009140167e-16,1.46775109916897136e-16,8,0,0,0,1
a_to_affine,a_raw,9.99999999999999955e-07,0,regular_interior,regular_interior,1,0,1,9.99999999999999955e-07,4.99999999999999977e-07,5.00000000000000000e-01,1.73631656804733723e+06,0,7.47833824564226091e-01,1.86958456141056523e-01,5.99999999999999978e-01,6.00000000000000089e-01,3.99999999999999856e-01,5.20894970414201294e+11,1.22070312500000000e-04,-2.22044604925031308e-16,-2.59018604362539808e-12,3.86072653916524475e+11,3.37208119420155029e+12,1.14490912787151830e-01,7.48752436541611009e-04,3.99999999999999911e-01,4.00000000000000178e+00,2.14574824272731028e-06,9.62666810907357913e-06,6.22046052390938566e-17,4.19343302627946519e-17,2.22253427179041200e-41,2.79380241498471978e-16,2.34347266595669137e-16,7,0,0,0,1
a_to_affine,a_raw,9.99999999999999955e-07,1,regular_interior,regular_interior,1,0,1,9.99999999999999955e-07,4.99999999999999977e-07,5.00000000000000000e-01,2.31834319526627194e+06,1,7.34832549019858727e-01,1.33605918003610685e-01,5.99999999999999978e-01,5.99999999999999867e-01,4.00000000000000133e-01,6.95502958579881470e+11,1.22070312500000000e-04,0.00000000000000000e+00,-1.75252029527355588e-12,5.70606801357417236e+11,4.79707876369329395e+12,1.18948808111314877e-01,0.00000000000000000e+00,4.00000000000000133e-01,3.99999999999999822e+00,1.62427513634486022e-06,8.07117169920356896e-06,5.07224260183465414e-17,5.69613242732313481e-17,4.41965881315717164e-41,2.61152792670773303e-16,1.75513721392717399e-16,6,0,0,0,1
a_to_affine,a_raw,9.99999999999999955e-07,2,regular_interior,regular_interior,1,0,1,9.99999999999999955e-07,4.99999999999999977e-07,5.00000000000000000e-01,1.48779585798816569e+06,1,7.53315588885176357e-01,1.25552598147529393e-01,5.99999999999999978e-01,5.99999999999999867e-01,4.00000000000000133e-01,4.46338757396449646e+11,6.10351562500000000e-05,1.11022302462515654e-16,-2.69765165415511448e-12,3.70692783280498474e+11,3.10159849137538574e+12,1.19516689317229099e-01,3.44346605826760326e-04,4.00000000000000133e-01,3.99999999999999822e+00,1.99187322159582637e-06,1.00376540249042624e-05,2.54168813639524826e-17,4.95934927107932252e-17,5.58799413418764196e-42,2.50250423833236803e-16,1.36746261082111182e-16,6,0,0,0,1
a_to_affine,a_raw,9.99999999999999955e-07,3,regular_interior,regular_interior,1,0,1,9.99999999999999955e-07,4.99999999999999977e-07,5.00000000000000000e-01,1.69206268491124245e+06,0,9.14935699110073108e-01,2.28733924777518277e-01,5.99999999999999978e-01,5.99999999999999867e-01,4.00000000000000133e-01,5.07618805473372620e+11,1.22070312500000000e-04,4.44089209850062616e-16,-2.95545697665810806e-12,3.38357150145610657e+11,3.06777859140101172e+12,1.10293862501689752e-01,1.36236737065021339e-03,4.00000000000000133e-01,3.99999999999999822e+00,2.45169476607957963e-06,1.00928310791185566e-05,8.52198231074174881e-17,2.79791294227719899e-17,4.55766723825095082e-41,3.58448413848839170e-16,2.40476340087844181e-16,8,0,0,0,1
a_to_affine,a_raw,1.00000000000000002e-08,0,regular_interior,regular_interior,1,0,1,1.00000000000000002e-08,5.00000000000000010e-09,5.00000000000000000e-01,1.73631656804733723e+08,0,7.47833824564226202e-01,1.86958456141056550e-01,5.99999999999999978e-01,5.99999999999999978e-01,3.99999999999999967e-01,5.20894970414201200e+15,0.00000000000000000e+00,1.11022302462515654e-16,-2.59018604362539716e-16,3.86072653916524600e+15,3.37208119420155080e+16,1.14490912787151844e-01,3.74376218270805561e+00,3.99999999999999911e-01,4.00000000000000089e+00,2.14574824272730908e-08,9.62666810907357362e-08,1.24409210478187713e-16,8.50013843708443280e-17,2.18292938526721436e-49,3.72208863776004006e-16,0.00000000000000000e+00,7,0,0,0,1
a_to_affine,a_raw,1.00000000000000002e-08,1,regular_interior,regular_interior,1,0,1,1.00000000000000002e-08,5.00000000000000010e-09,5.00000000000000000e-01,2.31834319526627213e+08,1,7.34832549019858616e-01,1.33605918003610685e-01,5.99999999999999978e-01,5.99999999999999867e-01,4.00000000000000133e-01,6.95502958579881500e+15,1.00000000000000000e+00,2.22044604925031308e-16,-1.75252029527355534e-16,5.70606801357417400e+15,4.79707876369329440e+16,1.18948808111314905e-01,1.06516545887853518e+01,4.00000000000000133e-01,3.99999999999999822e+00,1.62427513634486014e-08,8.07117169920356875e-08,5.07224260183465537e-17,2.32008790793176997e-17,3.61224222540269056e-49,2.52688582801143833e-16,1.43780840564914080e-16,6,0,0,0,1
a_to_affine,a_raw,1.00000000000000002e-08,2,regular_interior,regular_interior,1,0,1,1.00000000000000002e-08,5.00000000000000010e-09,5.00000000000000000e-01,1.48779585798816562e+08,1,7.53315588885176357e-01,1.25552598147529365e-01,5.99999999999999978e-01,5.99999999999999756e-01,4.00000000000000244e-01,4.46338757396449550e+15,1.00000000000000000e+00,2.22044604925031308e-16,-2.69765165415511406e-16,3.70692783280498500e+15,3.10159849137538440e+16,1.19516689317229169e-01,6.88693211653520354e+00,4.00000000000000133e-01,3.99999999999999734e+00,1.99187322159582614e-08,1.00376540249042587e-07,7.62506440918574477e-17,6.32726028310270422e-17,6.78007529180483765e-49,3.52661310525322155e-16,2.24045074156931000e-16,6,0,0,0,1
a_to_affine,a_raw,1.00000000000000002e-08,3,regular_interior,regular_interior,1,0,1,1.00000000000000002e-08,5.00000000000000010e-09,5.00000000000000000e-01,1.69206268491124243e+08,0,9.14935699110073219e-01,2.28733924777518305e-01,5.99999999999999978e-01,5.99999999999999867e-01,4.00000000000000189e-01,5.07618805473372600e+15,1.00000000000000000e+00,2.22044604925031308e-16,-2.95545697665810798e-16,3.38357150145610650e+15,3.06777859140101280e+16,1.10293862501689710e-01,6.81183685325106936e+00,4.00000000000000133e-01,3.99999999999999778e+00,2.45169476607957934e-08,1.00928310791185526e-07,7.30455626635007006e-17,5.59073746568342991e-17,2.87304687784825061e-49,3.34798264737087603e-16,1.96998217799961965e-16,8,0,0,0,1
a_to_affine,a_raw,1.00000000000000004e-10,0,regular_interior,regular_interior,1,0,1,1.00000000000000004e-10,5.00000000000000018e-11,5.00000000000000000e-01,1.73631656804733734e+10,0,7.47833824564225980e-01,1.86958456141056495e-01,5.99999999999999978e-01,6.00000000000000200e-01,3.99999999999999800e-01,5.20894970414201324e+19,1.63840000000000000e+04,-2.22044604925031308e-16,-2.59018604362539826e-20,3.86072653916524380e+19,3.37208119420155003e+20,1.14490912787151802e-01,7.48752436541610950e+04,3.99999999999999911e-01,4.00000000000000266e+00,2.14574824272731046e-10,9.62666810907358198e-10,8.70864473347314215e-17,1.22522641571778074e-16,2.68709196951704175e-57,2.28868293835548239e-16,3.14535576854810078e-16,7,0,0,0,1
a_to_affine,a_raw,1.00000000000000004e-10,1,regular_interior,regular_interior,1,0,1,1.00000000000000004e-10,5.00000000000000018e-11,5.00000000000000000e-01,2.31834319526627235e+10,1,7.34832549019858616e-01,1.33605918003610685e-01,5.99999999999999978e-01,6.00000000000000089e-01,3.99999999999999911e-01,6.95502958579881738e+19,8.19200000000000000e+03,0.00000000000000000e+00,-1.75252029527355584e-20,5.70606801357417185e+19,4.79707876369329619e+20,1.18948808111314808e-01,0.00000000000000000e+00,4.00000000000000022e-01,4.00000000000000089e+00,1.62427513634486078e-10,8.07117169920357611e-10,2.53612130091732769e-17,7.94501718138069580e-17,6.86640284126762690e-58,8.08603464963660390e-17,1.17785264590777618e-16,6,0,0,0,1
a_to_affine,a_raw,1.00000000000000004e-10,2,regular_interior,regular_interior,1,0,1,1.00000000000000004e-10,5.00000000000000018e-11,5.00000000000000000e-01,1.48779585798816566e+10,1,7.53315588885176357e-01,1.25552598147529393e-01,5.99999999999999978e-01,5.99999999999999756e-01,4.00000000000000189e-01,4.46338757396449526e+19,8.19200000000000000e+03,2.22044604925031308e-16,-2.69765165415511430e-20,3.70692783280498442e+19,3.10159849137538466e+20,1.19516689317229141e-01,6.88693211653520411e+04,4.00000000000000133e-01,3.99999999999999778e+00,1.99187322159582635e-10,1.00376540249042609e-09,2.54168813639524826e-17,1.12918145654543736e-16,2.00525039016268587e-57,2.67055673533475169e-16,1.83537724749357898e-16,6,0,0,0,1
a_to_affine,a_raw,1.00000000000000004e-10,3,regular_interior,regular_interior,1,0,1,1.00000000000000004e-10,5.00000000000000018e-11,5.00000000000000000e-01,1.69206268491124249e+10,0,9.14935699110073108e-01,2.28733924777518277e-01,5.99999999999999978e-01,5.99999999999999756e-01,4.00000000000000189e-01,5.07618805473372570e+19,1.63840000000000000e+04,6.66133814775093924e-16,-2.95545697665810695e-20,3.38357150145610793e+19,3.06777859140101276e+20,1.10293862501689766e-01,2.04355105597532063e+05,4.00000000000000133e-01,3.99999999999999778e+00,2.45169476607957872e-10,1.00928310791185539e-09,1.49134690437980592e-16,6.85534060693850845e-17,1.05222875399366930e-59,4.25920703640503886e-16,3.22761880043457656e-16,8,0,0,0,1
a_to_affine,a_raw,9.99999999999999980e-13,0,regular_interior,regular_interior,1,0,1,9.99999999999999980e-13,4.99999999999999990e-13,5.00000000000000000e-01,1.73631656804733716e+12,0,7.47833824564226202e-01,1.86958456141056550e-01,5.99999999999999978e-01,6.00000000000000089e-01,3.99999999999999856e-01,5.20894970414201271e+23,1.34217728000000000e+08,-2.22044604925031308e-16,-2.59018604362539806e-24,3.86072653916524417e+23,3.37208119420155059e+24,1.14490912787151802e-01,7.48752436541611075e+08,3.99999999999999911e-01,4.00000000000000178e+00,2.14574824272731014e-12,9.62666810907357752e-12,3.73227631434563164e-17,4.81234016528660048e-17,3.21519774176505160e-65,2.07147932889230677e-16,2.57667544559460433e-16,7,0,0,0,1
a_to_affine,a_raw,9.99999999999999980e-13,1,regular_interior,regular_interior,1,0,1,9.99999999999999980e-13,4.99999999999999990e-13,5.00000000000000000e-01,2.31834319526627197e+12,1,7.34832549019858616e-01,1.33605918003610658e-01,5.99999999999999978e-01,5.99999999999999978e-01,4.00000000000000022e-01,6.95502958579881498e+23,1.34217728000000000e+08,2.22044604925031308e-16,-1.75252029527355570e-24,5.70606801357417245e+23,4.79707876369329268e+24,1.18948808111314919e-01,1.06516545887853479e+09,4.00000000000000133e-01,3.99999999999999956e+00,1.62427513634486049e-12,8.07117169920357411e-12,2.53612130091732707e-17,9.68804239791735776e-17,2.62827074961324103e-65,3.19012257425358197e-16,1.92979377505530034e-16,6,0,0,0,1
a_to_affine,a_raw,9.99999999999999980e-13,2,regular_interior,regular_interior,1,0,1,9.99999999999999980e-13,4.99999999999999990e-13,5.00000000000000000e-01,1.48779585798816577e+12,1,7.53315588885176357e-01,1.25552598147529393e-01,5.99999999999999978e-01,5.99999999999999867e-01,4.00000000000000133e-01,4.46338757396449645e+23,6.71088640000000000e+07,2.22044604925031308e-16,-2.69765165415511410e-24,3.70692783280498531e+23,3.10159849137538544e+24,1.19516689317229141e-01,6.88693211653520584e+08,4.00000000000000133e-01,3.99999999999999822e+00,1.99187322159582615e-12,1.00376540249042624e-11,2.54168813639524826e-17,3.05277848280735017e-17,5.82305430374286992e-65,3.44869821987132982e-16,1.50354104114673947e-16,6,0,0,0,1
a_to_affine,a_raw,9.99999999999999980e-13,3,regular_interior,regular_interior,1,0,1,9.99999999999999980e-13,4.99999999999999990e-13,5.00000000000000000e-01,1.69206268491124243e+12,0,9.14935699110073219e-01,2.28733924777518305e-01,5.99999999999999978e-01,5.99999999999999867e-01,4.00000000000000133e-01,5.07618805473372598e+23,6.71088640000000000e+07,2.22044604925031308e-16,-2.95545697665810831e-24,3.38357150145610632e+23,3.06777859140101192e+24,1.10293862501689738e-01,6.81183685325106740e+08,4.00000000000000133e-01,3.99999999999999822e+00,2.45169476607957962e-12,1.00928310791185558e-11,1.55221820659938998e-16,4.15485865669813896e-17,2.46419172813008924e-65,4.69214945281313107e-16,1.32203266065800276e-16,8,0,0,0,1
a_to_affine,a_raw,0.00000000000000000e+00,0,affine,affine,1,0,1,0.00000000000000000e+00,0.00000000000000000e+00,nan,1.00000000000000000e+00,0,7.52576694706877825e-01,nan,nan,nan,1.00000000000000000e+00,1.41592920353982299e-01,nan,nan,nan,nan,nan,nan,nan,1.00000000000000000e+00,1.00000000000000000e+00,nan,nan,6.93889390390722838e-18,0.00000000000000000e+00,0.00000000000000000e+00,nan,nan,0,0,0,0,1
a_to_affine,a_raw,0.00000000000000000e+00,1,affine,affine,1,0,1,0.00000000000000000e+00,0.00000000000000000e+00,nan,1.10000000000000009e+00,1,7.42887214798491735e-01,nan,nan,nan,1.00000000000000000e+00,1.25427594070695536e-01,nan,nan,nan,nan,nan,nan,nan,1.00000000000000000e+00,1.00000000000000000e+00,nan,nan,1.45386348462818126e-17,2.17013864584814767e-18,0.00000000000000000e+00,nan,nan,0,0,0,0,1
a_to_affine,a_raw,0.00000000000000000e+00,2,affine,affine,1,0,1,0.00000000000000000e+00,0.00000000000000000e+00,nan,1.00000000000000000e+00,1,7.62000762001143084e-01,nan,nan,nan,1.00000000000000000e+00,1.79211469534050205e-01,nan,nan,nan,nan,nan,nan,nan,1.00000000000000000e+00,1.00000000000000000e+00,nan,nan,9.71445146547011973e-17,9.23658088751805287e-18,0.00000000000000000e+00,nan,nan,0,0,0,0,1
a_to_affine,a_raw,0.00000000000000000e+00,3,affine,affine,1,0,1,0.00000000000000000e+00,0.00000000000000000e+00,nan,1.25000000000000000e+00,0,9.16505973977253086e-01,nan,nan,nan,1.00000000000000000e+00,1.67996640067198638e-01,nan,nan,nan,nan,nan,nan,nan,1.00000000000000000e+00,1.00000000000000000e+00,nan,nan,7.13164095679354082e-17,1.48556195895921759e-18,0.00000000000000000e+00,nan,nan,0,0,0,0,1
endpoint_margin,one_minus_mu,5.00000000000000000e-01,0,regular_interior,regular_interior,1,0,1,1.00000000000000000e+00,5.00000000000000000e-01,5.00000000000000000e-01,1.60888888888888881e+00,0,7.30080455243269921e-01,2.43360151747756631e-01,5.00000000000000000e-01,5.00000000000008882e-01,4.99999999999991118e-01,4.02222222222229364e-01,7.16093850883225969e-15,-2.17603712826530682e-14,-3.01822288696933594e+00,3.31320792880250792e-01,2.75945645378870097e+00,1.20067411256065043e-01,6.00467969727553156e-14,4.99999999999991118e-01,3.00000000000007105e+00,2.09700352075610841e+00,6.81072292087461406e+00,9.89255192643953373e-15,2.51393736540516699e-17,1.63440720299521000e-17,1.50295865318141785e-14,7.16093850883225969e-15,6,0,0,0,1
endpoint_margin,one_minus_mu,5.00000000000000000e-01,1,regular_interior,regular_interior,1,0,1,1.00000000000000000e+00,5.00000000000000000e-01,5.00000000000000000e-01,2.11768888888888895e+00,1,7.16538467390186562e-01,1.73706295124893689e-01,5.00000000000000000e-01,4.99999999999999889e-01,5.00000000000000111e-01,5.29422222222222127e-01,1.11022302462515654e-16,2.22044604925031308e-16,-2.15008562906580147e+00,4.65097755401720270e-01,3.80581753018435487e+00,1.22207055833071121e-01,8.45061249906543492e-16,5.00000000000000000e-01,2.99999999999999956e+00,1.67260037437037989e+00,5.79937248486354662e+00,7.71495547155225089e-17,3.00596257861891335e-17,1.19697406253844995e-18,1.66533453693773481e-16,1.11022302462515654e-16,30,28,0,0,1
endpoint_margin,one_minus_mu,5.00000000000000000e-01,2,regular_interior,regular_interior,1,0,1,1.00000000000000000e+00,5.00000000000000000e-01,5.00000000000000000e-01,1.35680000000000023e+00,1,7.34455317732357504e-01,1.63212292829412770e-01,5.00000000000000000e-01,5.00000000000000111e-01,4.99999999999999889e-01,3.39200000000000113e-01,5.55111512312578270e-17,0.00000000000000000e+00,-3.33007001305328032e+00,3.00293986636971100e-01,2.45192626531699620e+00,1.22472682349665893e-01,0.00000000000000000e+00,4.99999999999999889e-01,3.00000000000000089e+00,2.06604012903951828e+00,7.22522343492471464e+00,0.00000000000000000e+00,5.68172460563630908e-17,8.97804254932197862e-17,1.27192026215690030e-16,5.55111512312578270e-17,6,0,0,0,1
endpoint_margin,one_minus_mu,5.00000000000000000e-01,3,regular_interior,regular_interior,1,0,1,1.00000000000000000e+00,5.00000000000000000e-01,5.00000000000000000e-01,1.59368888888888893e+00,0,8.94293017366203702e-01,2.98097672455401197e-01,5.00000000000000000e-01,5.00000000000000000e-01,4.99999999999999944e-01,3.98422222222222233e-01,0.00000000000000000e+00,1.11022302462515654e-16,-3.26052302641649572e+00,3.06699260179449817e-01,2.60002029995462847e+00,1.17960332919247540e-01,2.88660240150243437e-16,5.00000000000000000e-01,3.00000000000000044e+00,2.29144407070850864e+00,7.01643676348124767e+00,6.83348234785651157e-17,1.08147573204665976e-16,9.64305902104313497e-18,1.59443642914703604e-16,0.00000000000000000e+00,7,0,0,0,1
endpoint_margin,one_minus_mu,1.00000000000000006e-01,0,regular_interior,regular_interior,1,0,1,1.00000000000000000e+00,5.00000000000000000e-01,5.00000000000000000e-01,1.96036903699263210e+00,0,7.79396825067551591e-01,4.10208855298711261e-02,9.00000000000000022e-01,9.00000000000000022e-01,9.99999999999999500e-02,8.82166066646684510e-01,0.00000000000000000e+00,-2.22044604925031308e-16,-3.73330899350401157e+00,2.67858889189190652e-01,4.66898984343377510e+00,5.73697733709773380e-02,1.03672400518423637e-15,9.99999999999999500e-02,1.90000000000000107e+01,5.47403089864012848e+00,1.30898156100430128e+02,2.37282267165654050e-17,4.23739089684010079e-17,1.73978636048245094e-17,2.07703709052761217e-16,0.00000000000000000e+00,11,3,0,0,1
endpoint_margin,one_minus_mu,1.00000000000000006e-01,1,regular_interior,regular_interior,1,0,1,1.00000000000000000e+00,5.00000000000000000e-01,5.00000000000000000e-01,2.71004640959680643e+00,1,7.72836500083342148e-01,2.95822583763958626e-02,9.00000000000000022e-01,8.99999999999999911e-01,1.00000000000000075e-01,1.21952088431856276e+00,2.22044604925031308e-16,0.00000000000000000e+00,-1.80243815179474320e+00,5.54804057495270619e-01,7.25058973691553454e+00,7.65184733416304497e-02,0.00000000000000000e+00,1.00000000000000033e-01,1.89999999999999858e+01,3.29660381704591776e+00,1.05040874203537840e+02,0.00000000000000000e+00,1.97696594646399795e-17,9.81544286783178181e-19,3.21867807355425356e-16,1.82075278726451767e-16,11,2,0,0,1
endpoint_margin,one_minus_mu,1.00000000000000006e-01,2,regular_interior,regular_interior,1,0,1,1.00000000000000000e+00,5.00000000000000000e-01,5.00000000000000000e-01,1.74592310302008236e+00,1,7.93163352258802856e-01,2.78302930617123773e-02,9.00000000000000022e-01,8.99999999999999911e-01,1.00000000000000033e-01,7.85665396359037094e-01,0.00000000000000000e+00,0.00000000000000000e+00,-2.64528924126037834e+00,3.78030494511646886e-01,4.73500541179786971e+00,7.98373943923560703e-02,0.00000000000000000e+00,1.00000000000000006e-01,1.89999999999999929e+01,3.87735237828850332e+00,1.29982460489517081e+02,2.44406286185004587e-17,3.20199037852929585e-17,3.88116222553412612e-17,1.24126707662363656e-16,0.00000000000000000e+00,11,2,0,0,1
endpoint_margin,one_minus_mu,1.00000000000000006e-01,3,regular_interior,regular_interior,1,0,1,1.00000000000000000e+00,5.00000000000000000e-01,5.00000000000000000e-01,1.83213131709052379e+00,0,9.44952094737475323e-01,4.97343207756565861e-02,9.00000000000000022e-01,9.00000000000000022e-01,1.00000000000000019e-01,8.24459092690735695e-01,0.00000000000000000e+00,4.44089209850062616e-16,-5.65662290913645105e+00,1.76783924978421714e-01,3.83656667735932055e+00,4.60786791538576185e-02,1.70377786428558078e-15,9.99999999999999500e-02,1.89999999999999964e+01,7.21548388650753836e+00,1.44402136306762202e+02,3.44596324351778156e-17,4.80443585881411724e-17,5.39467225542050412e-17,2.49800180540660222e-16,0.00000000000000000e+00,11,3,0,0,1
endpoint_margin,one_minus_mu,1.00000000000000002e-02,0,regular_interior,regular_interior,1,0,1,1.00000000000000000e+00,5.00000000000000000e-01,5.00000000000000000e-01,1.99660789539265315e+00,0,7.84052435519968838e-01,3.93996198753753576e-03,9.89999999999999991e-01,9.89999999999999880e-01,1.00000000000001060e-02,9.88320908219363248e-01,0.00000000000000000e+00,2.66453525910037570e-15,-2.61340667138143310e+01,3.82642323122028769e-02,4.90123786914210324e+00,7.80705473470532166e-03,1.30595211155671266e-14,1.00000000000000124e-02,1.98999999999997897e+02,5.03482223553799315e+01,1.27759176351502920e+04,3.51120525842744102e-17,6.57593040850210763e-17,1.09374872780112207e-17,1.66533453693773481e-16,0.00000000000000000e+00,18,7,0,0,1
endpoint_margin,one_minus_mu,1.00000000000000002e-02,1,regular_interior,regular_interior,1,0,1,1.00000000000000000e+00,5.00000000000000000e-01,5.00000000000000000e-01,2.78385247560809290e+00,1,7.80145406490753479e-01,2.85114812787849812e-03,9.89999999999999991e-01,9.89999999999999991e-01,1.00000000000000314e-02,1.37800697542600603e+00,0.00000000000000000e+00,0.00000000000000000e+00,-9.12359569502937617e+00,1.09605909054563841e-01,7.79629333069565877e+00,1.40587205233828425e-02,0.00000000000000000e+00,1.00000000000000210e-02,1.98999999999999375e+02,2.89030525235112066e+01,1.01298008685168243e+04,4.81784380122591289e-17,6.01007437245526238e-17,1.07619753546313816e-17,4.65736626711736920e-16,0.00000000000000000e+00,18,7,0,0,1
endpoint_margin,one_minus_mu,1.00000000000000002e-02,2,regular_interior,regular_interior,1,0,1,1.00000000000000000e+00,5.00000000000000000e-01,5.00000000000000000e-01,1.79514264140400526e+00,1,8.01010670640375788e-01,2.68345283296608610e-03,9.89999999999999991e-01,9.89999999999999991e-01,9.99999999999999327e-03,8.88595607494982564e-01,0.00000000000000000e+00,-2.22044604925031308e-16,-1.25322684983227361e+01,7.97940133610954422e-02,5.10527929730558760e+00,1.56297057838164326e-02,1.13359972460216065e-15,1.00000000000000002e-02,1.99000000000000142e+02,3.36211477839423907e+01,1.25180084496720447e+04,2.41654091567673536e-17,9.29076867528684066e-17,1.48210423513024526e-17,3.18887285829407209e-16,0.00000000000000000e+00,18,7,0,0,1
endpoint_margin,one_minus_mu,1.00000000000000002e-02,3,regular_interior,regular_interior,1,0,1,1.00000000000000000e+00,5.00000000000000000e-01,5.00000000000000000e-01,1.84594730581870192e+00,0,9.47405853326947822e-01,4.76083343380376191e-03,9.89999999999999991e-01,9.89999999999999880e-01,1.00000000000000748e-02,9.13743916380257426e-01,0.00000000000000000e+00,2.77555756156289135e-15,-4.67718120685367893e+01,2.13803989149416764e-02,3.91490020519390658e+00,5.46128835840470599e-03,1.08660308672900626e-14,1.00000000000000141e-02,1.98999999999998522e+02,6.80597463954006798e+01,1.42950159916352695e+04,5.64828642708232542e-18,7.93858902132531577e-17,2.00274587644848579e-17,3.37661150723212974e-16,0.00000000000000000e+00,18,7,0,0,1
endpoint_margin,one_minus_mu,1.00000000000000005e-04,0,regular_interior,regular_interior,1,0,1,1.00000000000000000e+00,5.00000000000000000e-01,5.00000000000000000e-01,1.99996666083289765e+00,0,7.84460516682810471e-01,3.92249870834903799e-05,9.99900000000000011e-01,9.99900000000000011e-01,1.00000000000034659e-04,9.99883332083407184e-01,0.00000000000000000e+00,1.13908882326541061e-13,-2.50112508890336812e+03,3.99820066751821468e-04,4.92286228964168693e+00,8.12169919099895457e-05,5.60757741260561410e-13,9.99999999999890137e-05,1.99989999999930697e+04,5.00033348331803427e+03,1.27478266731566459e+08,5.84336621519076695e-17,5.40690419090598056e-17,1.17826091597031841e-17,1.75541673428835061e-16,0.00000000000000000e+00,31,13,0,0,1
endpoint_margin,one_minus_mu,1.00000000000000005e-04,1,regular_interior,regular_interior,1,0,1,1.00000000000000000e+00,5.00000000000000000e-01,5.00000000000000000e-01,2.79103939863647854e+00,1,7.80853010456055707e-01,2.83960747294080937e-05,9.99900000000000011e-01,9.99899999999999900e-01,1.00000000000096946e-04,1.39538014734830740e+00,0.00000000000000000e+00,1.23678844943242439e-13,-8.22436184261927565e+02,1.21589980977967571e-03,7.85082212095956855e+00,1.54875475593002247e-04,9.70980611775136256e-13,9.99999999999888646e-05,1.99989999999806132e+04,2.86645922351788658e+03,1.00945607207828954e+08,1.44353809779298731e-16,5.25447596666747675e-17,4.61690572480670273e-18,4.79237323380136906e-16,0.00000000000000000e+00,31,13,0,0,1
endpoint_margin,one_minus_mu,1.00000000000000005e-04,2,regular_interior,regular_interior,1,0,1,1.00000000000000000e+00,5.00000000000000000e-01,5.00000000000000000e-01,1.79995199429964314e+00,1,8.01776088760878580e-01,2.67272059856589532e-05,9.99900000000000011e-01,9.99900000000000122e-01,9.99999999998693313e-05,8.99885999550106619e-01,0.00000000000000000e+00,-1.19904086659516906e-13,-1.11252232042188712e+03,8.98858370428723820e-04,5.14248486266545513e+00,1.74790669186885482e-04,6.16604950618292616e-13,9.99999999999887969e-05,1.99990000000261352e+04,3.33358921502868361e+03,1.24726427311265409e+08,1.20677919825116613e-16,6.49661325065211480e-17,1.08681519635212051e-17,5.14789238764451703e-16,0.00000000000000000e+00,31,13,0,0,1
endpoint_margin,one_minus_mu,1.00000000000000005e-04,3,regular_interior,regular_interior,1,0,1,1.00000000000000000e+00,5.00000000000000000e-01,5.00000000000000000e-01,1.84693495810812136e+00,0,9.47545631349169915e-01,4.73796505499807759e-05,9.99900000000000011e-01,9.99899999999999900e-01,1.00000000000054893e-04,9.23375132306155311e-01,0.00000000000000000e+00,2.78777001483376807e-13,-4.58145102058563589e+03,2.18271459305522026e-04,3.92024708011081024e+00,5.56779853017204035e-05,1.09287472606725491e-12,9.99999999999889188e-05,1.99989999999890206e+04,6.76830824092939474e+03,1.42852640881198674e+08,2.33978961262649185e-16,1.18862186310393045e-16,1.55405843457845411e-17,5.71522281777425745e-16,0.00000000000000000e+00,31,13,0,0,1
endpoint_margin,one_minus_mu,9.99999999999999955e-07,0,regular_interior,regular_interior,1,0,1,1.00000000000000000e+00,5.00000000000000000e-01,5.00000000000000000e-01,1.99999966666608375e+00,0,7.84464500323687863e-01,3.92232446289345970e-07,9.99998999999999971e-01,9.99999000000000082e-01,9.99999999962519594e-07,9.99998833333208492e-01,0.00000000000000000e+00,-1.65587543676792848e-11,-2.50001125043377018e+05,3.99998199938697320e-06,4.92307477711653974e+00,8.12496697791329346e-07,8.15199859679902283e-11,1.00000000002875376e-06,1.99999900007496076e+06,5.00000333386691578e+05,1.27475515632552393e+12,1.05179039070135240e-16,6.63538301019328311e-17,4.16310550803153639e-17,8.50969834418118872e-16,0.00000000000000000e+00,45,22,0,0,1
endpoint_margin,one_minus_mu,9.99999999999999955e-07,1,regular_interior,regular_interior,1,0,1,1.00000000000000000e+00,5.00000000000000000e-01,5.00000000000000000e-01,2.79111039407319739e+00,1,7.80859994525586076e-01,2.83949230901175516e-07,9.99998999999999971e-01,9.99998999999999971e-01,1.00000000003723806e-06,1.39555380148140151e+00,0.00000000000000000e+00,9.72555369571637129e-13,-8.21543359913868917e+04,1.21722120680865899e-05,7.85136197315214268e+00,1.55033128133815046e-06,7.63588424543968018e-12,1.00000000002875630e-06,1.99999899992552376e+06,2.86624420756866282e+05,1.00942136678808325e+12,2.40586662484805087e-17,5.45455231088650138e-17,7.22474171413470915e-18,2.81940971888232081e-16,0.00000000000000000e+00,45,22,0,0,1
endpoint_margin,one_minus_mu,9.99999999999999955e-07,2,regular_interior,regular_interior,1,0,1,1.00000000000000000e+00,5.00000000000000000e-01,5.00000000000000000e-01,1.79999951999943031e+00,1,8.01783649376824226e-01,2.67261350097301744e-07,9.99998999999999971e-01,9.99998999999999971e-01,1.00000000004758775e-06,8.99998859999955103e-01,0.00000000000000000e+00,1.88338233897411556e-12,-1.11112522213731485e+05,8.99988570213932424e-06,5.14285342040463522e+00,1.74997904206867740e-06,9.68595930392271307e-12,1.00000000002875312e-06,1.99999899990482442e+06,3.33333588870010572e+05,1.24721958018115723e+12,0.00000000000000000e+00,3.59523048467473094e-17,6.37629436906982070e-17,7.32242375526987985e-16,0.00000000000000000e+00,45,22,0,0,1
endpoint_margin,one_minus_mu,9.99999999999999955e-07,3,regular_interior,regular_interior,1,0,1,1.00000000000000000e+00,5.00000000000000000e-01,5.00000000000000000e-01,1.84694434962914422e+00,0,9.47546910252734964e-01,4.73773692026837166e-07,9.99998999999999971e-01,9.99999000000000082e-01,9.99999999967405068e-07,9.23471251342397270e-01,0.00000000000000000e+00,-2.59510191114031841e-11,-4.58050401944601967e+05,2.18316586068828113e-06,3.92029753095678668e+00,5.56887798298171068e-07,1.01735716148246286e-10,1.00000000002875524e-06,1.99999900006519002e+06,6.76793875987329753e+05,1.42851721692608032e+12,4.51035605790767477e-17,1.65388209683485278e-16,1.22529431744333420e-20,3.18887285829407209e-16,0.00000000000000000e+00,45,22,0,0,1
endpoint_margin,one_minus_mu,1.00000000000000002e-08,0,regular_interior,regular_interior,1,0,1,1.00000000000000000e+00,5.00000000000000000e-01,5.00000000000000000e-01,1.99999999666666639e+00,0,7.84464540150446532e-01,3.92232274007257431e-09,9.99999989999999950e-01,9.99999989999999950e-01,1.00000000696920397e-08,9.99999988333333145e-01,0.00000000000000000e+00,4.86111151332124791e-10,-2.50000008535476848e+07,3.99999986343237507e-08,4.92307690161735501e+00,8.12499975801368016e-09,2.39316258074180229e-09,1.00000000502475911e-08,1.99999997606159210e+08,4.99999998876509219e+07,1.27475486340845500e+16,7.01193490282580378e-17,4.06455440626814685e-17,1.38777878309441050e-17,1.11022302462515654e-16,0.00000000000000000e+00,58,27,0,0,1
endpoint_margin,one_minus_mu,1.00000000000000002e-08,1,regular_interior,regular_interior,1,0,1,1.00000000000000000e+00,5.00000000000000000e-01,5.00000000000000000e-01,2.79111110394074080e+00,1,7.80860064357128514e-01,2.83949117158204592e-09,9.99999989999999950e-01,9.99999989999999950e-01,1.00000001018692514e-08,1.39555553801481480e+00,0.00000000000000000e+00,5.91840576547042474e-10,-8.21534415491161868e+06,1.21723445925529592e-07,7.85136737113135208e+00,1.55034709461047307e-08,4.64675779161301633e-09,1.00000000502476060e-08,1.99999996962614983e+08,2.86624201591694504e+07,1.00942099929826260e+16,7.21759896841368430e-17,3.39080050353709029e-17,1.34617002143893566e-17,4.79207207633265389e-16,0.00000000000000000e+00,58,27,0,0,1
endpoint_margin,one_minus_mu,1.00000000000000002e-08,2,regular_interior,regular_interior,1,0,1,1.00000000000000000e+00,5.00000000000000000e-01,5.00000000000000000e-01,1.79999999519999987e+00,1,8.01783724973669565e-01,2.67261244337119449e-09,9.99999989999999950e-01,9.99999989999999950e-01,1.00000000050761793e-08,8.99999988599999967e-01,0.00000000000000000e+00,-4.51714221583188191e-10,-1.11111126169629525e+07,8.99999878026017325e-08,5.14285710563265219e+00,1.74999977549503249e-08,2.32310169418442160e-09,1.00000000502475845e-08,1.99999998898476422e+08,3.33333337225397006e+07,1.24721913217217100e+16,0.00000000000000000e+00,6.79519386537762833e-17,1.08207215911627977e-17,2.48253415324727312e-16,0.00000000000000000e+00,58,27,0,0,1
endpoint_margin,one_minus_mu,1.00000000000000002e-08,3,regular_interior,regular_interior,1,0,1,1.00000000000000000e+00,5.00000000000000000e-01,5.00000000000000000e-01,1.84694444349629605e+00,0,9.47546923029991106e-01,4.73773466264460438e-09,9.99999989999999950e-01,9.99999990000000061e-01,9.99999997943546631e-09,9.23472212513425816e-01,0.00000000000000000e+00,-2.99532421088599676e-09,-4.58049462402123138e+07,2.18317033875720758e-08,3.92029803516594200e+00,5.56888868951718992e-09,1.17425636186213489e-08,1.00000000502475911e-08,1.99999999411290675e+08,6.76793512698092908e+07,1.42851713084393500e+16,3.10086922779450093e-17,1.12268926723046772e-16,2.41051743154232294e-17,1.24126707662363656e-16,0.00000000000000000e+00,58,27,0,0,1
endpoint_margin,one_minus_mu,1.00000000000000004e-10,0,regular_interior,regular_interior,1,0,1,1.00000000000000000e+00,5.00000000000000000e-01,5.00000000000000000e-01,1.99999999996666666e+00,0,7.84464540548713174e-01,3.92232302747411757e-11,9.99999999899999992e-01,9.99999999899999992e-01,1.00000008275981543e-10,9.99999999883333324e-01,0.00000000000000000e+00,4.86122253562371043e-12,-2.49999979412825584e+09,4.00000032939481787e-10,4.92307692286232701e+00,8.12500066943739161e-11,2.39321724820273739e-11,1.00000008274037087e-10,1.99999983438038292e+10,4.99999958643706799e+09,1.27475466742904865e+20,0.00000000000000000e+00,3.07443712295613816e-21,0.00000000000000000e+00,5.55111512312578270e-17,0.00000000000000000e+00,71,33,0,0,1
endpoint_margin,one_minus_mu,1.00000000000000004e-10,1,regular_interior,regular_interior,1,0,1,1.00000000000000000e+00,5.00000000000000000e-01,5.00000000000000000e-01,2.79111111103940779e+00,1,7.80860065055442920e-01,2.83949138073868113e-11,9.99999999899999992e-01,9.99999999899999992e-01,9.99999712478317318e-11,1.39555555538014842e+00,0.00000000000000000e+00,-4.24504467133601793e-08,-8.21535187641213298e+08,1.21723331519273549e-09,7.85136742511108832e+00,1.55034562680081549e-10,3.33294054506690163e-07,1.00000008274037177e-10,2.00000057494353065e+10,2.86624392380175066e+09,1.00942159685517689e+20,4.81173263956825368e-17,1.06630708412663764e-17,6.08075529595254973e-18,2.39603602325901436e-16,0.00000000000000000e+00,71,33,0,0,1
endpoint_margin,one_minus_mu,1.00000000000000004e-10,2,regular_interior,regular_interior,1,0,1,1.00000000000000000e+00,5.00000000000000000e-01,5.00000000000000000e-01,1.79999999995200000e+00,1,8.01783725729637076e-01,2.67261264036536383e-11,9.99999999899999992e-01,9.99999999899999992e-01,9.99999638684939043e-11,8.99999999885999991e-01,0.00000000000000000e+00,-4.44055689996503133e-08,-1.11111250077432704e+09,8.99998874374202864e-10,5.14285714248489700e+00,1.74999781140983901e-10,2.28371497695957531e-07,1.00000008274036958e-10,2.00000072253038292e+10,3.33333601815870333e+09,1.24722003024838443e+20,4.82705662886519127e-17,7.76795003435914213e-18,2.39869583544449168e-18,4.44089209850062616e-16,0.00000000000000000e+00,71,33,0,0,1
endpoint_margin,one_minus_mu,1.00000000000000004e-10,3,regular_interior,regular_interior,1,0,1,1.00000000000000000e+00,5.00000000000000000e-01,5.00000000000000000e-01,1.84694444443496320e+00,0,9.47546923157762344e-01,4.73773500802761763e-11,9.99999999899999992e-01,9.99999999900000103e-01,9.99999287449291983e-11,9.23472222125134357e-01,0.00000000000000000e+00,-3.36405270306983084e-07,-4.58050500454373169e+09,2.18316539116981253e-10,3.92029804020800388e+00,5.56887606191792930e-11,1.31880892190010956e-06,1.00000008274037035e-10,2.00000142500243149e+10,6.76794523318322659e+09,1.42851915983389114e+20,5.63794404031696690e-17,6.87237502344490673e-17,2.02601704425434446e-17,3.55444797896667304e-16,0.00000000000000000e+00,71,33,0,0,1
endpoint_margin,one_minus_mu,9.99999999999999980e-13,0,regular_interior,regular_interior,1,0,1,1.00000000000000000e+00,5.00000000000000000e-01,5.00000000000000000e-01,1.99999999999966716e+00,0,7.84464540552695988e-01,3.92223593424038406e-13,9.99999999999000022e-01,9.99999999999000133e-01,9.99866855977610255e-13,9.99999999998833600e-01,0.00000000000000000e+00,-2.77608127023931672e-05,-2.50088819457907074e+11,3.99857939338352503e-12,4.92307692307478018e+00,8.12211439281382070e-13,1.36668616380953033e-04,9.99977878279877688e-13,2.00026632350316211e+12,5.00122106812416565e+11,1.27509439818865654e+24,2.33731163079015194e-17,6.08094192851084761e-17,3.46944695195419228e-17,4.11681715778192846e-16,0.00000000000000000e+00,85,41,0,0,1
endpoint_margin,one_minus_mu,9.99999999999999980e-13,1,regular_interior,regular_interior,1,0,1,1.00000000000000000e+00,5.00000000000000000e-01,5.00000000000000000e-01,2.79111111111039456e+00,1,7.80860065062426112e-01,2.83942833125455706e-13,9.99999999999000022e-01,9.99999999998999911e-01,1.00005744347791213e-12,1.39555555555380173e+00,0.00000000000000000e+00,9.12123777885298637e-06,-8.21356442226543579e+10,1.21749821221245581e-11,7.85136742565088852e+00,1.55068301635561741e-12,7.16141891785025979e-05,9.99977878279878294e-13,1.99988511964230298e+12,2.86584937384755249e+11,1.00930505704340892e+24,7.21759895926176628e-17,1.12875448189345982e-16,1.26586316569967838e-18,2.53049607554583418e-16,0.00000000000000000e+00,85,41,0,0,1
endpoint_margin,one_minus_mu,9.99999999999999980e-13,2,regular_interior,regular_interior,1,0,1,1.00000000000000000e+00,5.00000000000000000e-01,5.00000000000000000e-01,1.79999999999952043e+00,1,8.01783725737196806e-01,2.67255329634139675e-13,9.99999999999000022e-01,9.99999999999000022e-01,9.99938403683784804e-13,8.99999999998860267e-01,0.00000000000000000e+00,-3.94778069523482600e-06,-1.11126728955647949e+11,8.99873513238306891e-12,5.14285714285342266e+00,1.74975405352019574e-12,2.03028721469072752e-05,9.99977878279879304e-13,2.00012320022011035e+12,3.33367026523614685e+11,1.24737279133021943e+24,7.24058494320844502e-17,3.96297460581318136e-17,3.15248513099535401e-17,2.22044604925031308e-16,0.00000000000000000e+00,85,41,0,0,1
endpoint_margin,one_minus_mu,9.99999999999999980e-13,3,regular_interior,regular_interior,1,0,1,1.00000000000000000e+00,5.00000000000000000e-01,5.00000000000000000e-01,1.84694444444434991e+00,0,9.47546923159040100e-01,4.73762980895838963e-13,9.99999999999000022e-01,9.99999999998999911e-01,1.00004672153232326e-12,9.23472222221251471e-01,0.00000000000000000e+00,2.91180534629509324e-05,-4.57964986473400818e+11,2.18357304496264405e-12,3.92029804025842710e+00,5.56991591593046928e-13,1.14151447926946645e-04,9.99977878279878092e-13,1.99990656129995264e+12,6.76715295118025879e+11,1.42838364837713609e+24,5.07414963619330407e-17,3.05748698093829987e-17,1.42183952032603035e-17,2.54384052431380060e-16,0.00000000000000000e+00,85,41,0,0,1
endpoint_margin,one_minus_mu,0.00000000000000000e+00,0,boundary_psd_nonunique,boundary_psd_nonunique,1,0,1,1.00000000000000000e+00,5.00000000000000000e-01,5.00000000000000000e-01,2.00000000000000000e+00,0,7.84464540552736178e-01,0.00000000000000000e+00,1.00000000000000000e+00,1.00000000000000000e+00,0.00000000000000000e+00,1.00000000000000000e+00,0.00000000000000000e+00,nan,nan,nan,nan,nan,nan,0.00000000000000000e+00,inf,nan,nan,0.00000000000000000e+00,0.00000000000000000e+00,0.00000000000000000e+00,nan,0.00000000000000000e+00,0,0,0,0,2
endpoint_margin,one_minus_mu,0.00000000000000000e+00,1,boundary_psd_nonunique,boundary_psd_nonunique,1,0,1,1.00000000000000000e+00,5.00000000000000000e-01,5.00000000000000000e-01,2.79111111111111176e+00,1,7.80860065062496722e-01,0.00000000000000000e+00,1.00000000000000000e+00,1.00000000000000000e+00,0.00000000000000000e+00,1.39555555555555588e+00,0.00000000000000000e+00,nan,nan,nan,nan,nan,nan,0.00000000000000000e+00,inf,nan,nan,0.00000000000000000e+00,3.24063399721047617e-17,9.70181730886017535e-18,nan,0.00000000000000000e+00,0,0,0,0,2
endpoint_margin,one_minus_mu,0.00000000000000000e+00,2,boundary_psd_nonunique,boundary_psd_nonunique,1,0,1,1.00000000000000000e+00,5.00000000000000000e-01,5.00000000000000000e-01,1.80000000000000027e+00,1,8.01783725737273079e-01,0.00000000000000000e+00,1.00000000000000000e+00,1.00000000000000000e+00,0.00000000000000000e+00,9.00000000000000133e-01,0.00000000000000000e+00,nan,nan,nan,nan,nan,nan,0.00000000000000000e+00,inf,nan,nan,0.00000000000000000e+00,3.81268727748509404e-17,2.07310163548833208e-17,nan,0.00000000000000000e+00,0,0,0,0,2
endpoint_margin,one_minus_mu,0.00000000000000000e+00,3,boundary_psd_nonunique,boundary_psd_nonunique,1,0,1,1.00000000000000000e+00,5.00000000000000000e-01,5.00000000000000000e-01,1.84694444444444450e+00,0,9.47546923159053089e-01,0.00000000000000000e+00,1.00000000000000000e+00,9.99999999999999889e-01,0.00000000000000000e+00,9.23472222222222250e-01,0.00000000000000000e+00,nan,nan,nan,nan,nan,nan,0.00000000000000000e+00,inf,nan,nan,3.38276642412824877e-17,2.62063496873097359e-17,1.04271004036984856e-18,nan,0.00000000000000000e+00,0,0,0,0,2
common_coefficient_scale,scale,9.99999999999999982e-201,0,regular_interior,regular_interior,1,0,1,9.99999999999999982e-201,4.99999999999999991e-201,5.00000000000000000e-01,1.73631656804733721e-200,0,7.47833824564226202e-01,1.86958456141056550e-01,5.99999999999999978e-01,6.00000000000000200e-01,3.99999999999999856e-01,5.20894970414201297e-01,1.11022302462515654e-16,-2.22044604925031308e-16,-2.59018604362539806e+00,3.86072653916524455e-01,3.37208119420155006e+00,1.14490912787151830e-01,7.48752436541610957e-16,3.99999999999999911e-01,4.00000000000000178e+00,2.14574824272731002e+00,9.62666810907357906e+00,7.46455262869126452e-17,1.16320558314630164e-16,9.00196179100468183e-18,1.84109660314757385e-16,1.11022302462515654e-16,7,0,0,0,1
common_coefficient_scale,scale,9.99999999999999982e-201,1,regular_interior,regular_interior,1,0,1,9.99999999999999982e-201,4.99999999999999991e-201,5.00000000000000000e-01,2.31834319526627200e-200,1,7.34832549019858727e-01,1.33605918003610685e-01,5.99999999999999978e-01,5.99999999999999867e-01,4.00000000000000189e-01,6.95502958579881425e-01,1.11022302462515654e-16,0.00000000000000000e+00,-1.75252029527355546e+00,5.70606801357417370e-01,4.79707876369329433e+00,1.18948808111314891e-01,0.00000000000000000e+00,4.00000000000000133e-01,3.99999999999999778e+00,1.62427513634485998e+00,8.07117169920356581e+00,2.53612130091732769e-17,2.76571607245114248e-17,1.67301628228997424e-17,2.48253415324727312e-16,1.11022302462515654e-16,6,0,0,0,1
common_coefficient_scale,scale,9.99999999999999982e-201,2,regular_interior,regular_interior,1,0,1,9.99999999999999982e-201,4.99999999999999991e-201,5.00000000000000000e-01,1.48779585798816565e-200,1,7.53315588885176357e-01,1.25552598147529365e-01,5.99999999999999978e-01,5.99999999999999867e-01,4.00000000000000189e-01,4.46338757396449570e-01,1.11022302462515654e-16,2.22044604925031308e-16,-2.69765165415511410e+00,3.70692783280498483e-01,3.10159849137538446e+00,1.19516689317229155e-01,6.88693211653520367e-16,4.00000000000000133e-01,3.99999999999999778e+00,1.99187322159582636e+00,1.00376540249042616e+01,0.00000000000000000e+00,6.54386881755544335e-17,6.49880071557290321e-17,1.86190061493545484e-16,1.11022302462515654e-16,6,0,0,0,1
common_coefficient_scale,scale,9.99999999999999982e-201,3,regular_interior,regular_interior,1,0,1,9.99999999999999982e-201,4.99999999999999991e-201,5.00000000000000000e-01,1.69206268491124229e-200,0,9.14935699110072997e-01,2.28733924777518249e-01,5.99999999999999978e-01,5.99999999999999867e-01,4.00000000000000189e-01,5.07618805473372570e-01,1.11022302462515654e-16,2.22044604925031308e-16,-2.95545697665810847e+00,3.38357150145610630e-01,3.06777859140101050e+00,1.10293862501689793e-01,6.81183685325106425e-16,4.00000000000000133e-01,3.99999999999999778e+00,2.45169476607957915e+00,1.00928310791185556e+01,8.52198231074174881e-17,3.97994316462235566e-17,5.77072747360126433e-17,2.55893763326045161e-16,1.11022302462515654e-16,8,0,0,0,1
common_coefficient_scale,scale,1.00000000000000001e-150,0,regular_interior,regular_interior,1,0,1,1.00000000000000001e-150,5.00000000000000003e-151,5.00000000000000000e-01,1.73631656804733711e-150,0,7.47833824564226091e-01,1.86958456141056523e-01,5.99999999999999978e-01,5.99999999999999978e-01,3.99999999999999967e-01,5.20894970414201186e-01,1.11022302462515654e-16,0.00000000000000000e+00,-2.59018604362539673e+00,3.86072653916524622e-01,3.37208119420154961e+00,1.14490912787151899e-01,0.00000000000000000e+00,3.99999999999999911e-01,4.00000000000000089e+00,2.14574824272730913e+00,9.62666810907357373e+00,0.00000000000000000e+00,5.26872406006124729e-17,2.49872815917843593e-17,1.35973995551051823e-16,1.11022302462515654e-16,7,0,0,0,1
common_coefficient_scale,scale,1.00000000000000001e-150,1,regular_interior,regular_interior,1,0,1,1.00000000000000001e-150,5.00000000000000003e-151,5.00000000000000000e-01,2.31834319526627216e-150,1,7.34832549019858727e-01,1.33605918003610685e-01,5.99999999999999978e-01,5.99999999999999867e-01,4.00000000000000189e-01,6.95502958579881425e-01,2.22044604925031308e-16,2.22044604925031308e-16,-1.75252029527355546e+00,5.70606801357417370e-01,4.79707876369329433e+00,1.18948808111314891e-01,1.06516545887853516e-15,4.00000000000000133e-01,3.99999999999999778e+00,1.62427513634485998e+00,8.07117169920356581e+00,2.53612130091732769e-17,3.00806528297557835e-17,2.85237501508528714e-18,2.83052443350183785e-16,2.22044604925031308e-16,6,0,0,0,1
common_coefficient_scale,scale,1.00000000000000001e-150,2,regular_interior,regular_interior,1,0,1,1.00000000000000001e-150,5.00000000000000003e-151,5.00000000000000000e-01,1.48779585798816562e-150,1,7.53315588885176357e-01,1.25552598147529365e-01,5.99999999999999978e-01,5.99999999999999867e-01,4.00000000000000189e-01,4.46338757396449570e-01,1.11022302462515654e-16,0.00000000000000000e+00,-2.69765165415511454e+00,3.70692783280498428e-01,3.10159849137538446e+00,1.19516689317229141e-01,0.00000000000000000e+00,4.00000000000000133e-01,3.99999999999999778e+00,1.99187322159582636e+00,1.00376540249042616e+01,5.08337627279049651e-17,6.74033186105780077e-17,6.49880071557290321e-17,8.32667268468867405e-17,1.11022302462515654e-16,6,0,0,0,1
common_coefficient_scale,scale,1.00000000000000001e-150,3,regular_interior,regular_interior,1,0,1,1.00000000000000001e-150,5.00000000000000003e-151,5.00000000000000000e-01,1.69206268491124249e-150,0,9.14935699110073108e-01,2.28733924777518277e-01,5.99999999999999978e-01,5.99999999999999867e-01,4.00000000000000189e-01,5.07618805473372570e-01,1.11022302462515654e-16,6.66133814775093924e-16,-2.95545697665810714e+00,3.38357150145610741e-01,3.06777859140101228e+00,1.10293862501689766e-01,2.04355105597532046e-15,4.00000000000000133e-01,3.99999999999999778e+00,2.45169476607957870e+00,1.00928310791185538e+01,2.31310948434418939e-16,3.29355596942217822e-17,2.58508499226654924e-17,2.96348452778242045e-16,1.11022302462515654e-16,8,0,0,0,1
common_coefficient_scale,scale,1.00000000000000002e-100,0,regular_interior,regular_interior,1,0,1,1.00000000000000002e-100,5.00000000000000010e-101,5.00000000000000000e-01,1.73631656804733728e-100,0,7.47833824564226202e-01,1.86958456141056550e-01,5.99999999999999978e-01,5.99999999999999978e-01,3.99999999999999967e-01,5.20894970414201186e-01,0.00000000000000000e+00,1.11022302462515654e-16,-2.59018604362539673e+00,3.86072653916524622e-01,3.37208119420155006e+00,1.14490912787151872e-01,3.74376218270805478e-16,3.99999999999999911e-01,4.00000000000000089e+00,2.14574824272730913e+00,9.62666810907357373e+00,9.95273683825501977e-17,5.29131482349703039e-17,2.49872815917843593e-17,1.24126707662363656e-16,0.00000000000000000e+00,7,0,0,0,1
common_coefficient_scale,scale,1.00000000000000002e-100,1,regular_interior,regular_interior,1,0,1,1.00000000000000002e-100,5.00000000000000010e-101,5.00000000000000000e-01,2.31834319526627237e-100,1,7.34832549019858616e-01,1.33605918003610658e-01,5.99999999999999978e-01,5.99999999999999867e-01,4.00000000000000133e-01,6.95502958579881536e-01,1.11022302462515654e-16,1.11022302462515654e-16,-1.75252029527355546e+00,5.70606801357417370e-01,4.79707876369329433e+00,1.18948808111314891e-01,5.32582729439267581e-16,4.00000000000000133e-01,3.99999999999999822e+00,1.62427513634485998e+00,8.07117169920356758e+00,7.60836390275198306e-17,3.08557193019248971e-17,2.21006829588718758e-18,3.04047097224405882e-16,1.11022302462515654e-16,6,0,0,0,1
common_coefficient_scale,scale,1.00000000000000002e-100,2,regular_interior,regular_interior,1,0,1,1.00000000000000002e-100,5.00000000000000010e-101,5.00000000000000000e-01,1.48779585798816556e-100,1,7.53315588885176357e-01,1.25552598147529365e-01,5.99999999999999978e-01,5.99999999999999978e-01,4.00000000000000022e-01,4.46338757396449626e-01,5.55111512312578270e-17,2.22044604925031308e-16,-2.69765165415511499e+00,3.70692783280498372e-01,3.10159849137538446e+00,1.19516689317229127e-01,6.88693211653520367e-16,4.00000000000000022e-01,4.00000000000000000e+00,1.99187322159582703e+00,1.00376540249042687e+01,0.00000000000000000e+00,7.00757231248735384e-17,1.05684427113663694e-17,7.85046229341887583e-17,5.55111512312578270e-17,6,0,0,0,1
common_coefficient_scale,scale,1.00000000000000002e-100,3,regular_interior,regular_interior,1,0,1,1.00000000000000002e-100,5.00000000000000010e-101,5.00000000000000000e-01,1.69206268491124234e-100,0,9.14935699110072997e-01,2.28733924777518249e-01,5.99999999999999978e-01,5.99999999999999867e-01,4.00000000000000189e-01,5.07618805473372570e-01,1.11022302462515654e-16,2.22044604925031308e-16,-2.95545697665810803e+00,3.38357150145610686e-01,3.06777859140101050e+00,1.10293862501689807e-01,6.81183685325106425e-16,4.00000000000000133e-01,3.99999999999999778e+00,2.45169476607957915e+00,1.00928310791185556e+01,8.52198231074174881e-17,3.33164203723406852e-17,5.36064255382944059e-17,3.10316769155909140e-16,1.11022302462515654e-16,8,0,0,0,1
common_coefficient_scale,scale,1.00000000000000001e-50,0,regular_interior,regular_interior,1,0,1,1.00000000000000001e-50,5.00000000000000004e-51,5.00000000000000000e-01,1.73631656804733723e-50,0,7.47833824564226202e-01,1.86958456141056550e-01,5.99999999999999978e-01,5.99999999999999978e-01,3.99999999999999967e-01,5.20894970414201186e-01,0.00000000000000000e+00,1.11022302462515654e-16,-2.59018604362539673e+00,3.86072653916524622e-01,3.37208119420155006e+00,1.14490912787151872e-01,3.74376218270805478e-16,3.99999999999999911e-01,4.00000000000000089e+00,2.14574824272730913e+00,9.62666810907357373e+00,7.46455262869126452e-17,5.28049131181092623e-17,9.00196179100468183e-18,9.61481343191781908e-17,0.00000000000000000e+00,7,0,0,0,1
common_coefficient_scale,scale,1.00000000000000001e-50,1,regular_interior,regular_interior,1,0,1,1.00000000000000001e-50,5.00000000000000004e-51,5.00000000000000000e-01,2.31834319526627187e-50,1,7.34832549019858616e-01,1.33605918003610630e-01,5.99999999999999978e-01,5.99999999999999756e-01,4.00000000000000300e-01,6.95502958579881203e-01,3.33066907387546962e-16,0.00000000000000000e+00,-1.75252029527355524e+00,5.70606801357417370e-01,4.79707876369329167e+00,1.18948808111314960e-01,0.00000000000000000e+00,4.00000000000000244e-01,3.99999999999999600e+00,1.62427513634485954e+00,8.07117169920356403e+00,7.60836390275198306e-17,4.10229114313976086e-17,4.76425539188211565e-17,5.57880165459372909e-16,3.33066907387546962e-16,6,0,0,0,1
common_coefficient_scale,scale,1.00000000000000001e-50,2,regular_interior,regular_interior,1,0,1,1.00000000000000001e-50,5.00000000000000004e-51,5.00000000000000000e-01,1.48779585798816552e-50,1,7.53315588885176357e-01,1.25552598147529393e-01,5.99999999999999978e-01,5.99999999999999867e-01,4.00000000000000133e-01,4.46338757396449515e-01,1.66533453693773481e-16,2.22044604925031308e-16,-2.69765165415511454e+00,3.70692783280498428e-01,3.10159849137538446e+00,1.19516689317229141e-01,6.88693211653520367e-16,4.00000000000000133e-01,3.99999999999999822e+00,1.99187322159582658e+00,1.00376540249042634e+01,7.62506440918574477e-17,1.74575162431002265e-17,1.05684427113663694e-17,3.04047097224405882e-16,1.66533453693773481e-16,6,0,0,0,1
common_coefficient_scale,scale,1.00000000000000001e-50,3,regular_interior,regular_interior,1,0,1,1.00000000000000001e-50,5.00000000000000004e-51,5.00000000000000000e-01,1.69206268491124228e-50,0,9.14935699110072997e-01,2.28733924777518249e-01,5.99999999999999978e-01,5.99999999999999867e-01,4.00000000000000189e-01,5.07618805473372570e-01,1.11022302462515654e-16,2.22044604925031308e-16,-2.95545697665810803e+00,3.38357150145610686e-01,3.06777859140101050e+00,1.10293862501689807e-01,6.81183685325106425e-16,4.00000000000000133e-01,3.99999999999999778e+00,2.45169476607957915e+00,1.00928310791185556e+01,8.52198231074174881e-17,3.33164203723406852e-17,5.36064255382944059e-17,3.10316769155909140e-16,1.11022302462515654e-16,8,0,0,0,1
common_coefficient_scale,scale,9.99999999999999945e-21,0,regular_interior,regular_interior,1,0,1,9.99999999999999945e-21,4.99999999999999973e-21,5.00000000000000000e-01,1.73631656804733695e-20,0,7.47833824564226091e-01,1.86958456141056523e-01,5.99999999999999978e-01,5.99999999999999978e-01,3.99999999999999967e-01,5.20894970414201186e-01,1.11022302462515654e-16,0.00000000000000000e+00,-2.59018604362539673e+00,3.86072653916524622e-01,3.37208119420154961e+00,1.14490912787151899e-01,0.00000000000000000e+00,3.99999999999999911e-01,4.00000000000000089e+00,2.14574824272730913e+00,9.62666810907357373e+00,0.00000000000000000e+00,5.26872406006124729e-17,2.49872815917843593e-17,1.11022302462515654e-16,1.11022302462515654e-16,7,0,0,0,1
common_coefficient_scale,scale,9.99999999999999945e-21,1,regular_interior,regular_interior,1,0,1,9.99999999999999945e-21,4.99999999999999973e-21,5.00000000000000000e-01,2.31834319526627185e-20,1,7.34832549019858727e-01,1.33605918003610685e-01,5.99999999999999978e-01,5.99999999999999867e-01,4.00000000000000189e-01,6.95502958579881425e-01,1.11022302462515654e-16,2.22044604925031308e-16,-1.75252029527355546e+00,5.70606801357417370e-01,4.79707876369329433e+00,1.18948808111314891e-01,1.06516545887853516e-15,4.00000000000000133e-01,3.99999999999999778e+00,1.62427513634485998e+00,8.07117169920356581e+00,2.53612130091732769e-17,3.00806528297557835e-17,2.85237501508528714e-18,2.07703709052761217e-16,1.11022302462515654e-16,6,0,0,0,1
common_coefficient_scale,scale,9.99999999999999945e-21,2,regular_interior,regular_interior,1,0,1,9.99999999999999945e-21,4.99999999999999973e-21,5.00000000000000000e-01,1.48779585798816539e-20,1,7.53315588885176246e-01,1.25552598147529393e-01,5.99999999999999978e-01,5.99999999999999867e-01,4.00000000000000078e-01,4.46338757396449570e-01,5.55111512312578270e-17,1.11022302462515654e-16,-2.69765165415511499e+00,3.70692783280498372e-01,3.10159849137538401e+00,1.19516689317229141e-01,3.44346605826760134e-16,4.00000000000000133e-01,3.99999999999999911e+00,1.99187322159582703e+00,1.00376540249042687e+01,5.08337627279049651e-17,4.12195966440933067e-17,3.83240183269952829e-17,2.09550000553636313e-16,5.55111512312578270e-17,6,0,0,0,1
common_coefficient_scale,scale,9.99999999999999945e-21,3,regular_interior,regular_interior,1,0,1,9.99999999999999945e-21,4.99999999999999973e-21,5.00000000000000000e-01,1.69206268491124214e-20,0,9.14935699110072997e-01,2.28733924777518249e-01,5.99999999999999978e-01,5.99999999999999867e-01,4.00000000000000189e-01,5.07618805473372570e-01,1.11022302462515654e-16,1.11022302462515654e-16,-2.95545697665810803e+00,3.38357150145610686e-01,3.06777859140101050e+00,1.10293862501689807e-01,3.40591842662553213e-16,4.00000000000000133e-01,3.99999999999999778e+00,2.45169476607957915e+00,1.00928310791185556e+01,7.00019975525215099e-17,3.32086306169706483e-17,4.95055763405761747e-17,3.04047097224405882e-16,1.11022302462515654e-16,8,0,0,0,1
common_coefficient_scale,scale,1.00000000000000000e+00,0,regular_interior,regular_interior,1,0,1,1.00000000000000000e+00,5.00000000000000000e-01,5.00000000000000000e-01,1.73631656804733714e+00,0,7.47833824564226091e-01,1.86958456141056523e-01,5.99999999999999978e-01,5.99999999999999978e-01,3.99999999999999967e-01,5.20894970414201186e-01,1.11022302462515654e-16,1.11022302462515654e-16,-2.59018604362539673e+00,3.86072653916524622e-01,3.37208119420154961e+00,1.14490912787151899e-01,3.74376218270805429e-16,3.99999999999999911e-01,4.00000000000000089e+00,2.14574824272730913e+00,9.62666810907357373e+00,2.48818420956375494e-17,5.27626506168571097e-17,4.09726013925640368e-17,1.66533453693773481e-16,1.11022302462515654e-16,7,0,0,0,1
common_coefficient_scale,scale,1.00000000000000000e+00,1,regular_interior,regular_interior,1,0,1,1.00000000000000000e+00,5.00000000000000000e-01,5.00000000000000000e-01,2.31834319526627208e+00,1,7.34832549019858727e-01,1.33605918003610685e-01,5.99999999999999978e-01,5.99999999999999867e-01,4.00000000000000189e-01,6.95502958579881425e-01,2.22044604925031308e-16,2.22044604925031308e-16,-1.75252029527355546e+00,5.70606801357417370e-01,4.79707876369329433e+00,1.18948808111314891e-01,1.06516545887853516e-15,4.00000000000000133e-01,3.99999999999999778e+00,1.62427513634485998e+00,8.07117169920356581e+00,2.53612130091732769e-17,3.00806528297557835e-17,2.85237501508528714e-18,2.07703709052761217e-16,2.22044604925031308e-16,6,0,0,0,1
common_coefficient_scale,scale,1.00000000000000000e+00,2,regular_interior,regular_interior,1,0,1,1.00000000000000000e+00,5.00000000000000000e-01,5.00000000000000000e-01,1.48779585798816560e+00,1,7.53315588885176357e-01,1.25552598147529393e-01,5.99999999999999978e-01,5.99999999999999867e-01,4.00000000000000189e-01,4.46338757396449570e-01,1.11022302462515654e-16,2.22044604925031308e-16,-2.69765165415511410e+00,3.70692783280498483e-01,3.10159849137538446e+00,1.19516689317229155e-01,6.88693211653520367e-16,4.00000000000000133e-01,3.99999999999999778e+00,1.99187322159582636e+00,1.00376540249042616e+01,0.00000000000000000e+00,6.80265022308205374e-17,6.49880071557290321e-17,1.27192026215690030e-16,1.11022302462515654e-16,6,0,0,0,1
common_coefficient_scale,scale,1.00000000000000000e+00,3,regular_interior,regular_interior,1,0,1,1.00000000000000000e+00,5.00000000000000000e-01,5.00000000000000000e-01,1.69206268491124234e+00,0,9.14935699110072997e-01,2.28733924777518249e-01,5.99999999999999978e-01,5.99999999999999867e-01,4.00000000000000189e-01,5.07618805473372570e-01,1.11022302462515654e-16,2.22044604925031308e-16,-2.95545697665810803e+00,3.38357150145610686e-01,3.06777859140101050e+00,1.10293862501689807e-01,6.81183685325106425e-16,4.00000000000000133e-01,3.99999999999999778e+00,2.45169476607957915e+00,1.00928310791185556e+01,8.52198231074174881e-17,3.33164203723406852e-17,5.36064255382944059e-17,3.10316769155909140e-16,1.11022302462515654e-16,8,0,0,0,1
common_coefficient_scale,scale,1.00000000000000000e+20,0,regular_interior,regular_interior,1,0,1,1.00000000000000000e+20,5.00000000000000000e+19,5.00000000000000000e-01,1.73631656804733714e+20,0,7.47833824564226091e-01,1.86958456141056523e-01,5.99999999999999978e-01,5.99999999999999978e-01,3.99999999999999967e-01,5.20894970414201186e-01,0.00000000000000000e+00,1.11022302462515654e-16,-2.59018604362539673e+00,3.86072653916524622e-01,3.37208119420154961e+00,1.14490912787151899e-01,3.74376218270805429e-16,3.99999999999999911e-01,4.00000000000000089e+00,2.14574824272730913e+00,9.62666810907357373e+00,2.48818420956375494e-17,5.27626506168571097e-17,4.09726013925640368e-17,9.61481343191781908e-17,0.00000000000000000e+00,7,0,0,0,1
common_coefficient_scale,scale,1.00000000000000000e+20,1,regular_interior,regular_interior,1,0,1,1.00000000000000000e+20,5.00000000000000000e+19,5.00000000000000000e-01,2.31834319526627213e+20,1,7.34832549019858727e-01,1.33605918003610685e-01,5.99999999999999978e-01,5.99999999999999867e-01,4.00000000000000189e-01,6.95502958579881425e-01,1.11022302462515654e-16,2.22044604925031308e-16,-1.75252029527355546e+00,5.70606801357417370e-01,4.79707876369329433e+00,1.18948808111314891e-01,1.06516545887853516e-15,4.00000000000000133e-01,3.99999999999999778e+00,1.62427513634485998e+00,8.07117169920356581e+00,2.53612130091732769e-17,3.00806528297557835e-17,2.85237501508528714e-18,3.04047097224405882e-16,1.11022302462515654e-16,6,0,0,0,1
common_coefficient_scale,scale,1.00000000000000000e+20,2,regular_interior,regular_interior,1,0,1,1.00000000000000000e+20,5.00000000000000000e+19,5.00000000000000000e-01,1.48779585798816563e+20,1,7.53315588885176357e-01,1.25552598147529393e-01,5.99999999999999978e-01,5.99999999999999867e-01,4.00000000000000189e-01,4.46338757396449570e-01,1.11022302462515654e-16,2.22044604925031308e-16,-2.69765165415511410e+00,3.70692783280498483e-01,3.10159849137538446e+00,1.19516689317229155e-01,6.88693211653520367e-16,4.00000000000000133e-01,3.99999999999999778e+00,1.99187322159582636e+00,1.00376540249042616e+01,0.00000000000000000e+00,6.80265022308205374e-17,6.49880071557290321e-17,1.38777878078144568e-16,1.11022302462515654e-16,6,0,0,0,1
common_coefficient_scale,scale,1.00000000000000000e+20,3,regular_interior,regular_interior,1,0,1,1.00000000000000000e+20,5.00000000000000000e+19,5.00000000000000000e-01,1.69206268491124244e+20,0,9.14935699110073108e-01,2.28733924777518277e-01,5.99999999999999978e-01,5.99999999999999867e-01,4.00000000000000189e-01,5.07618805473372570e-01,1.11022302462515654e-16,6.66133814775093924e-16,-2.95545697665810714e+00,3.38357150145610741e-01,3.06777859140101228e+00,1.10293862501689766e-01,2.04355105597532046e-15,4.00000000000000133e-01,3.99999999999999778e+00,2.45169476607957870e+00,1.00928310791185538e+01,2.31310948434418939e-16,3.29872609040532539e-17,1.76491515272290270e-17,4.40606103446415495e-16,1.11022302462515654e-16,8,0,0,0,1
common_coefficient_scale,scale,1.00000000000000008e+50,0,regular_interior,regular_interior,1,0,1,1.00000000000000008e+50,5.00000000000000038e+49,5.00000000000000000e-01,1.73631656804733723e+50,0,7.47833824564226091e-01,1.86958456141056523e-01,5.99999999999999978e-01,5.99999999999999978e-01,3.99999999999999967e-01,5.20894970414201186e-01,1.11022302462515654e-16,1.11022302462515654e-16,-2.59018604362539673e+00,3.86072653916524622e-01,3.37208119420154961e+00,1.14490912787151899e-01,3.74376218270805429e-16,3.99999999999999911e-01,4.00000000000000089e+00,2.14574824272730913e+00,9.62666810907357373e+00,2.48818420956375494e-17,5.27626506168571097e-17,4.09726013925640368e-17,1.11022302462515654e-16,1.11022302462515654e-16,7,0,0,0,1
common_coefficient_scale,scale,1.00000000000000008e+50,1,regular_interior,regular_interior,1,0,1,1.00000000000000008e+50,5.00000000000000038e+49,5.00000000000000000e-01,2.31834319526627226e+50,1,7.34832549019858616e-01,1.33605918003610685e-01,5.99999999999999978e-01,5.99999999999999867e-01,4.00000000000000189e-01,6.95502958579881425e-01,1.11022302462515654e-16,2.22044604925031308e-16,-1.75252029527355546e+00,5.70606801357417370e-01,4.79707876369329433e+00,1.18948808111314891e-01,1.06516545887853516e-15,4.00000000000000133e-01,3.99999999999999778e+00,1.62427513634485998e+00,8.07117169920356581e+00,5.07224260183465537e-17,6.74193540021518074e-17,2.10919449391836581e-17,2.07703709052761217e-16,1.11022302462515654e-16,6,0,0,0,1
common_coefficient_scale,scale,1.00000000000000008e+50,2,regular_interior,regular_interior,1,0,1,1.00000000000000008e+50,5.00000000000000038e+49,5.00000000000000000e-01,1.48779585798816579e+50,1,7.53315588885176246e-01,1.25552598147529365e-01,5.99999999999999978e-01,5.99999999999999978e-01,4.00000000000000022e-01,4.46338757396449681e-01,0.00000000000000000e+00,2.22044604925031308e-16,-2.69765165415511410e+00,3.70692783280498483e-01,3.10159849137538446e+00,1.19516689317229155e-01,6.88693211653520367e-16,4.00000000000000022e-01,3.99999999999999956e+00,1.99187322159582680e+00,1.00376540249042687e+01,5.08337627279049774e-17,3.49446852835431793e-17,9.63399280913359566e-18,7.85046229341887583e-17,0.00000000000000000e+00,6,0,0,0,1
common_coefficient_scale,scale,1.00000000000000008e+50,3,regular_interior,regular_interior,1,0,1,1.00000000000000008e+50,5.00000000000000038e+49,5.00000000000000000e-01,1.69206268491124237e+50,0,9.14935699110072997e-01,2.28733924777518249e-01,5.99999999999999978e-01,5.99999999999999756e-01,4.00000000000000300e-01,5.07618805473372459e-01,2.22044604925031308e-16,4.44089209850062616e-16,-2.95545697665810625e+00,3.38357150145610852e-01,3.06777859140101050e+00,1.10293862501689863e-01,1.36236737065021285e-15,4.00000000000000133e-01,3.99999999999999600e+00,2.45169476607957781e+00,1.00928310791185485e+01,7.00019975525215099e-17,7.93954881560923533e-17,4.95055763405761747e-17,2.30555126737810169e-16,2.22044604925031308e-16,8,0,0,0,1
common_coefficient_scale,scale,1.00000000000000002e+100,0,regular_interior,regular_interior,1,0,1,1.00000000000000002e+100,5.00000000000000008e+99,5.00000000000000000e-01,1.73631656804733722e+100,0,7.47833824564226091e-01,1.86958456141056523e-01,5.99999999999999978e-01,5.99999999999999978e-01,3.99999999999999967e-01,5.20894970414201186e-01,0.00000000000000000e+00,1.11022302462515654e-16,-2.59018604362539673e+00,3.86072653916524622e-01,3.37208119420154961e+00,1.14490912787151899e-01,3.74376218270805429e-16,3.99999999999999911e-01,4.00000000000000089e+00,2.14574824272730913e+00,9.62666810907357373e+00,2.48818420956375494e-17,5.27626506168571097e-17,4.09726013925640368e-17,9.61481343191781908e-17,0.00000000000000000e+00,7,0,0,0,1
common_coefficient_scale,scale,1.00000000000000002e+100,1,regular_interior,regular_interior,1,0,1,1.00000000000000002e+100,5.00000000000000008e+99,5.00000000000000000e-01,2.31834319526627220e+100,1,7.34832549019858616e-01,1.33605918003610685e-01,5.99999999999999978e-01,5.99999999999999867e-01,4.00000000000000189e-01,6.95502958579881425e-01,2.22044604925031308e-16,2.22044604925031308e-16,-1.75252029527355546e+00,5.70606801357417370e-01,4.79707876369329433e+00,1.18948808111314891e-01,1.06516545887853516e-15,4.00000000000000133e-01,3.99999999999999778e+00,1.62427513634485998e+00,8.07117169920356581e+00,5.07224260183465537e-17,6.74193540021518074e-17,2.10919449391836581e-17,2.07703709052761217e-16,2.22044604925031308e-16,6,0,0,0,1
common_coefficient_scale,scale,1.00000000000000002e+100,2,regular_interior,regular_interior,1,0,1,1.00000000000000002e+100,5.00000000000000008e+99,5.00000000000000000e-01,1.48779585798816568e+100,1,7.53315588885176246e-01,1.25552598147529393e-01,5.99999999999999978e-01,5.99999999999999867e-01,4.00000000000000189e-01,4.46338757396449570e-01,1.11022302462515654e-16,2.22044604925031308e-16,-2.69765165415511410e+00,3.70692783280498483e-01,3.10159849137538446e+00,1.19516689317229155e-01,6.88693211653520367e-16,4.00000000000000133e-01,3.99999999999999778e+00,1.99187322159582636e+00,1.00376540249042616e+01,5.08337627279049651e-17,1.14592883360569844e-16,9.63399280913359566e-18,1.38777878078144568e-16,1.11022302462515654e-16,6,0,0,0,1
common_coefficient_scale,scale,1.00000000000000002e+100,3,regular_interior,regular_interior,1,0,1,1.00000000000000002e+100,5.00000000000000008e+99,5.00000000000000000e-01,1.69206268491124242e+100,0,9.14935699110073108e-01,2.28733924777518277e-01,5.99999999999999978e-01,5.99999999999999867e-01,4.00000000000000189e-01,5.07618805473372570e-01,1.11022302462515654e-16,6.66133814775093924e-16,-2.95545697665810714e+00,3.38357150145610741e-01,3.06777859140101228e+00,1.10293862501689766e-01,2.04355105597532046e-15,4.00000000000000133e-01,3.99999999999999778e+00,2.45169476607957870e+00,1.00928310791185538e+01,2.31310948434418939e-16,3.29355596942217822e-17,2.58508499226654924e-17,3.61888430622384025e-16,1.11022302462515654e-16,8,0,0,0,1
common_coefficient_scale,scale,9.99999999999999981e+149,0,regular_interior,regular_interior,1,0,1,9.99999999999999981e+149,4.99999999999999990e+149,5.00000000000000000e-01,1.73631656804733705e+150,0,7.47833824564226091e-01,1.86958456141056523e-01,5.99999999999999978e-01,5.99999999999999978e-01,3.99999999999999967e-01,5.20894970414201186e-01,0.00000000000000000e+00,0.00000000000000000e+00,-2.59018604362539673e+00,3.86072653916524622e-01,3.37208119420154961e+00,1.14490912787151899e-01,0.00000000000000000e+00,3.99999999999999911e-01,4.00000000000000089e+00,2.14574824272730913e+00,9.62666810907357373e+00,0.00000000000000000e+00,5.26872406006124729e-17,2.49872815917843593e-17,1.11022302462515654e-16,0.00000000000000000e+00,7,0,0,0,1
common_coefficient_scale,scale,9.99999999999999981e+149,1,regular_interior,regular_interior,1,0,1,9.99999999999999981e+149,4.99999999999999990e+149,5.00000000000000000e-01,2.31834319526627218e+150,1,7.34832549019858616e-01,1.33605918003610685e-01,5.99999999999999978e-01,5.99999999999999978e-01,4.00000000000000022e-01,6.95502958579881647e-01,0.00000000000000000e+00,3.33066907387546962e-16,-1.75252029527355524e+00,5.70606801357417370e-01,4.79707876369329433e+00,1.18948808111314891e-01,1.59774818831780274e-15,4.00000000000000022e-01,3.99999999999999956e+00,1.62427513634486020e+00,8.07117169920357114e+00,2.53612130091732769e-17,4.37535617067422077e-17,9.76209168124728427e-18,5.55111512312578270e-17,0.00000000000000000e+00,6,0,0,0,1
common_coefficient_scale,scale,9.99999999999999981e+149,2,regular_interior,regular_interior,1,0,1,9.99999999999999981e+149,4.99999999999999990e+149,5.00000000000000000e-01,1.48779585798816564e+150,1,7.53315588885176246e-01,1.25552598147529393e-01,5.99999999999999978e-01,5.99999999999999867e-01,4.00000000000000133e-01,4.46338757396449626e-01,5.55111512312578270e-17,2.22044604925031308e-16,-2.69765165415511365e+00,3.70692783280498539e-01,3.10159849137538446e+00,1.19516689317229169e-01,6.88693211653520367e-16,4.00000000000000133e-01,3.99999999999999822e+00,1.99187322159582636e+00,1.00376540249042634e+01,5.08337627279049651e-17,7.33186263268912482e-17,9.63399280913359566e-18,1.68830575361606487e-16,5.55111512312578270e-17,6,0,0,0,1
common_coefficient_scale,scale,9.99999999999999981e+149,3,regular_interior,regular_interior,1,0,1,9.99999999999999981e+149,4.99999999999999990e+149,5.00000000000000000e-01,1.69206268491124244e+150,0,9.14935699110072997e-01,2.28733924777518249e-01,5.99999999999999978e-01,5.99999999999999978e-01,4.00000000000000022e-01,5.07618805473372681e-01,1.11022302462515654e-16,-2.22044604925031308e-16,-2.95545697665811069e+00,3.38357150145610353e-01,3.06777859140101050e+00,1.10293862501689696e-01,6.81183685325106425e-16,4.00000000000000133e-01,3.99999999999999956e+00,2.45169476607958092e+00,1.00928310791185627e+01,8.52198231074174881e-17,1.09141010018378918e-16,5.36064255382944059e-17,2.45130606544514899e-16,1.11022302462515654e-16,8,0,0,0,1
common_coefficient_scale,scale,9.99999999999999970e+199,0,regular_interior,regular_interior,1,0,1,9.99999999999999970e+199,4.99999999999999985e+199,5.00000000000000000e-01,1.73631656804733723e+200,0,7.47833824564226202e-01,1.86958456141056550e-01,5.99999999999999978e-01,5.99999999999999978e-01,3.99999999999999967e-01,5.20894970414201186e-01,0.00000000000000000e+00,1.11022302462515654e-16,-2.59018604362539673e+00,3.86072653916524622e-01,3.37208119420155006e+00,1.14490912787151872e-01,3.74376218270805478e-16,3.99999999999999911e-01,4.00000000000000089e+00,2.14574824272730913e+00,9.62666810907357373e+00,9.95273683825501977e-17,5.29131482349703039e-17,2.49872815917843593e-17,1.24126707662363656e-16,0.00000000000000000e+00,7,0,0,0,1
common_coefficient_scale,scale,9.99999999999999970e+199,1,regular_interior,regular_interior,1,0,1,9.99999999999999970e+199,4.99999999999999985e+199,5.00000000000000000e-01,2.31834319526627201e+200,1,7.34832549019858727e-01,1.33605918003610685e-01,5.99999999999999978e-01,5.99999999999999867e-01,4.00000000000000189e-01,6.95502958579881425e-01,2.22044604925031308e-16,0.00000000000000000e+00,-1.75252029527355546e+00,5.70606801357417370e-01,4.79707876369329433e+00,1.18948808111314891e-01,0.00000000000000000e+00,4.00000000000000133e-01,3.99999999999999778e+00,1.62427513634485998e+00,8.07117169920356581e+00,2.53612130091732769e-17,2.76571607245114248e-17,1.67301628228997424e-17,1.57009245868377517e-16,2.22044604925031308e-16,6,0,0,0,1
common_coefficient_scale,scale,9.99999999999999970e+199,2,regular_interior,regular_interior,1,0,1,9.99999999999999970e+199,4.99999999999999985e+199,5.00000000000000000e-01,1.48779585798816564e+200,1,7.53315588885176246e-01,1.25552598147529365e-01,5.99999999999999978e-01,5.99999999999999978e-01,4.00000000000000022e-01,4.46338757396449681e-01,0.00000000000000000e+00,2.22044604925031308e-16,-2.69765165415511410e+00,3.70692783280498483e-01,3.10159849137538446e+00,1.19516689317229155e-01,6.88693211653520367e-16,4.00000000000000022e-01,3.99999999999999956e+00,1.99187322159582680e+00,1.00376540249042687e+01,5.08337627279049774e-17,3.49446852835431793e-17,9.63399280913359566e-18,6.79869977755259114e-17,0.00000000000000000e+00,6,0,0,0,1
common_coefficient_scale,scale,9.99999999999999970e+199,3,regular_interior,regular_interior,1,0,1,9.99999999999999970e+199,4.99999999999999985e+199,5.00000000000000000e-01,1.69206268491124228e+200,0,9.14935699110073108e-01,2.28733924777518277e-01,5.99999999999999978e-01,5.99999999999999867e-01,4.00000000000000189e-01,5.07618805473372570e-01,1.11022302462515654e-16,6.66133814775093924e-16,-2.95545697665810714e+00,3.38357150145610741e-01,3.06777859140101228e+00,1.10293862501689766e-01,2.04355105597532046e-15,4.00000000000000133e-01,3.99999999999999778e+00,2.45169476607957870e+00,1.00928310791185538e+01,2.31310948434418939e-16,3.94811598779411516e-17,2.99516991203837298e-17,2.88444402957534597e-16,1.11022302462515654e-16,8,0,0,0,1
